,0,1,2,3,4,5,6,7,8,9,10,11,12,13,14,15,16,17,18,19,20,21,22,23,24,25,26,27,28,29,30,31,32,33,34,35,36,37
0,-0.08911121866025562,1.27997358470872,0.19312315360469712,1.3895334977032963,1.3097313480383348,0.904381205195525,1.5519521351264176,-0.23615128132826854,0.17556724323889114,0.41091043986838116,-1.203142737813118,1.4028179652003303,1.4539281231181573,-0.020269474482252373,-0.6335905791521449,-0.11775462568775893,-0.6561390987052513,-0.8049752887758436,0.09685335377453375,0.8787217413573977,1.5094638162798841,-0.6770032003863303,1.60926802918084,-1.043816190143634,0.0,-0.21747559547610945,1.1048264940273784,-1.4907941512667362,0.0,1.2619796324000623,0.8648144380844214,0.9580230786249767,-1.668467495573044,0.9112438048403207,0.6416409104829942,0.0,0.9838978303311247,1.25663403595721
1,-0.0805838293147766,-0.4240403286765085,-0.6772928211457314,1.3895334977032963,-0.7157283812861797,0.5183648371242643,-0.24575866048680223,1.105165547079306,0.27301062381050545,0.12036770460790969,1.238016440358426,0.024610841494742703,-1.3440091584837952,-0.6077806120145839,1.6145441348283063,-0.45506014007920687,0.6360018373639393,-0.8049752887758436,1.3295324018140535,0.8787217413573977,-0.251577302713314,1.4770978917519937,1.60926802918084,-1.043816190143634,0.0,-1.6906973712820115,1.1048264940273784,-1.4907941512667362,0.0,1.2619796324000623,-1.07754954050091,0.9580230786249767,0.5993524013223553,0.9112438048403207,-1.7292316619761623,0.0,0.9838978303311247,-0.6881567339765676
2,-1.2658909483363598,0.8951962494281844,-1.0991705146436521,1.3895334977032963,-1.6842481047910838,0.904381205195525,-1.4734834364470886,-0.47288745480801414,-1.469417958479546,-0.31544639828279747,-1.203142737813118,0.024610841494742703,0.7544438027176693,0.007749255880417315,-1.064525870685934,1.367897009201293,-0.6561390987052513,-0.8049752887758436,1.3295324018140535,-1.1380166814300725,-0.8385910090443801,-0.6770032003863303,1.60926802918084,0.958023078624979,0.0,1.4194374887526706,-1.2566347145807593,1.00045336941773,0.0,1.2619796324000623,0.8648144380844214,0.9580230786249767,0.5993524013223553,0.488812901934212,0.6416409104829942,0.0,-1.5524960098992526,0.50863758598268
3,1.4969831995988414,-0.4790085194308707,-0.4067746252067242,1.3895334977032963,0.9890292515438505,-1.4117170032320392,-1.5480981544132442,0.1461413249951674,1.1068533279787474,-0.4607177659130332,0.017436851272653823,0.7137144033475366,-1.3440091584837952,1.8199149527463347,-0.08418608394867338,-0.39852086053481356,1.5757406999597143,-0.8049752887758436,0.09685335377453375,-1.1380166814300725,1.5094638162798841,-0.6770032003863303,-0.6214005261193343,-1.043816190143634,0.0,1.4194374887526706,1.1048264940273784,1.00045336941773,0.0,1.2619796324000623,-1.239413205383021,0.9580230786249767,-1.668467495573044,0.9112438048403207,0.6416409104829942,0.0,0.9838978303311247,-0.6881567339765676
4,0.6271894863599817,1.1700372031999955,1.096676733900898,1.3895334977032963,-0.71329674753397,0.5183648371242643,0.38135709847138144,-0.8341067409679376,0.9142192590953249,-0.31544639828279747,1.238016440358426,0.024610841494742703,0.7544438027176693,1.6035788820152022,-0.21491612989459286,0.368954059084463,1.6932080577841861,0.9697733793913708,0.09685335377453375,0.8787217413573977,1.5094638162798841,-0.6770032003863303,-0.6214005261193343,0.958023078624979,0.0,1.4194374887526706,-0.0759041102766904,-0.6603783110385808,0.0,-0.7924058156930616,0.8648144380844214,-1.0438161901436347,0.5993524013223553,-1.6233416125963316,0.5099257675685966,0.0,-0.7720671359822134,-1.5857524739460034
5,-1.334110063100192,0.23557796037583797,-0.6544716037475075,-1.0729309286063429,-1.8036717174464558,-1.4117170032320392,0.025258508757232453,-1.4345834728414553,0.04000137827055757,-1.7681600745851547,1.238016440358426,0.024610841494742703,0.7544438027176693,0.4959735435783914,-1.4441708083774745,-0.30038690041539673,0.8709365530128831,-0.8049752887758436,-1.1358256942649858,0.8787217413573977,-0.8385910090443801,-0.6770032003863303,-0.6214005261193343,-1.043816190143634,0.0,-1.6906973712820115,-1.2566347145807593,0.7236480893416781,0.0,1.2619796324000623,-1.07754954050091,-1.0438161901436347,0.5993524013223553,0.488812901934212,0.6416409104829942,0.0,0.9838978303311247,1.25663403595721
6,1.0450315642884536,1.6097827292348932,-1.2720343255685567,-1.0729309286063429,0.16330722013742816,0.5183648371242643,0.6857535776729363,1.680617711258653,-1.2956140864345032,-1.0418032364339762,-1.203142737813118,1.4028179652003303,0.7544438027176693,1.7584582629351937,0.25966042817007023,1.396126135315876,-1.7133453191254984,0.9697733793913708,0.09685335377453375,0.8787217413573977,1.5094638162798841,1.4770978917519937,-0.6214005261193343,-1.043816190143634,0.0,-0.5448582123218655,-0.0759041102766904,1.00045336941773,0.0,-0.7924058156930616,0.8648144380844214,0.9580230786249767,0.5993524013223553,-1.6233416125963316,0.6416409104829942,0.0,-0.5769599175029536,-0.6881567339765676
7,0.234929576467947,-1.358499571500666,0.35194638713638093,-1.0729309286063429,1.3942306209276025,0.904381205195525,0.9404028641149567,0.9541149986215571,-0.8500431097128477,-0.4607177659130332,1.238016440358426,0.7137144033475366,1.4539281231181573,0.941229047245284,-0.9265872133448848,1.2213666853384337,0.7534691951884112,-0.8049752887758436,0.09685335377453375,-1.1380166814300725,-0.251577302713314,-0.6770032003863303,-0.6214005261193343,0.958023078624979,0.0,1.4194374887526706,-0.0759041102766904,-1.4907941512667362,0.0,1.2619796324000623,0.8648144380844214,0.9580230786249767,0.5993524013223553,-0.7784798067841141,0.5099257675685966,0.0,-0.5769599175029536,-1.5857524739460034
8,0.3372582486136952,0.34551434188456237,-1.1919565780458858,-1.0729309286063429,1.1382403776637842,-1.4117170032320392,1.6123967349694643,-1.071821318598132,1.2990830674822045,1.2825386456497956,0.017436851272653823,0.024610841494742703,-1.3440091584837952,-1.1717975149570246,-1.2119403358707599,-1.1395163170414748,-0.30373702523183577,-0.8049752887758436,1.3295324018140535,0.8787217413573977,-0.8385910090443801,1.4770978917519937,-0.6214005261193343,-1.043816190143634,0.0,-0.5448582123218655,-1.2566347145807593,-0.6603783110385808,0.0,-0.7924058156930616,0.8648144380844214,0.9580230786249767,0.5993524013223553,0.9112438048403207,0.5099257675685966,0.0,-0.7720671359822134,-0.6881567339765676
9,-0.822466702371451,1.060100821691271,-0.03815667729227636,1.3895334977032963,0.9899411142009288,0.5183648371242643,-0.35303628997923264,-0.4668288752610043,-0.1892533801697134,0.5561818074986169,-1.203142737813118,-1.3535962822108452,1.4539281231181573,0.45744848562023627,-0.7727098792180659,-0.5809627540096016,-0.8910738143541952,-0.8049752887758436,1.3295324018140535,-1.1380166814300725,-0.8385910090443801,1.4770978917519937,-0.6214005261193343,-1.043816190143634,0.0,-0.05378428705323145,1.1048264940273784,-0.6603783110385808,0.0,1.2619796324000623,0.8648144380844214,0.9580230786249767,0.5993524013223553,0.488812901934212,-1.7292316619761623,0.0,-0.7720671359822134,-0.6881567339765676
10,-0.9247953745171993,-1.5783723345181149,-0.8762029205682053,1.3895334977032963,0.8252587183325639,0.904381205195525,-0.3276345015357505,1.6471261845702132,1.1189254480377084,-1.7681600745851547,0.017436851272653823,0.7137144033475366,-0.644524838083307,-0.4687272182320953,-1.2649291704216936,-1.397451294237096,0.0486650482415799,-0.8049752887758436,0.09685335377453375,0.8787217413573977,-0.251577302713314,-0.6770032003863303,-0.6214005261193343,-1.043816190143634,0.0,1.4194374887526706,-1.2566347145807593,1.00045336941773,0.0,-0.7924058156930616,0.8648144380844214,-1.0438161901436347,0.5993524013223553,0.9112438048403207,0.6416409104829942,0.0,0.9838978303311247,1.25663403595721
11,-1.1550348868451328,0.8402280586738222,-1.4438077553122541,-0.25210945316979655,-0.25307966450648617,0.904381205195525,-0.9802613300540469,0.8743750603599801,-0.2989421648202739,1.5730813809102668,0.017436851272653823,-1.3535962822108452,0.054959482317181174,1.5452422700061264,-0.5459316900860103,1.3409155719894683,-1.008541172178667,0.9697733793913708,-1.1358256942649858,0.8787217413573977,1.5094638162798841,1.4770978917519937,1.60926802918084,0.958023078624979,0.0,-0.05378428705323145,-1.2566347145807593,-1.4907941512667362,0.0,1.2619796324000623,0.8648144380844214,0.9580230786249767,0.5993524013223553,0.9112438048403207,0.6416409104829942,0.0,0.9838978303311247,0.50863758598268
12,-0.46431634986133236,0.015705197358389145,1.2904996676011904,1.3895334977032963,0.08516059042580648,0.5183648371242643,-0.2030297438842145,-0.01484378868252321,-0.5553447530582086,0.2656390722381454,0.017436851272653823,1.4028179652003303,-1.3440091584837952,-0.1071860270098706,0.3611141587080991,1.4159620173385639,-1.008541172178667,1.8571477134749779,0.09685335377453375,-1.1380166814300725,-0.251577302713314,-0.6770032003863303,-0.6214005261193343,0.958023078624979,0.0,1.4194374887526706,-0.0759041102766904,-1.4907941512667362,0.0,1.2619796324000623,-1.239413205383021,0.9580230786249767,-1.668467495573044,-0.3560489038780054,0.6416409104829942,0.0,0.9838978303311247,0.50863758598268
13,0.3969499740320483,-0.7538494732026817,1.3908992024200926,1.3895334977032963,0.7772035563045308,-1.4117170032320392,0.13585099878745951,1.217606762523191,1.679614775369457,0.7014531751288526,0.017436851272653823,0.7137144033475366,-1.3440091584837952,-1.1071671329740878,1.7160835909006675,-0.7057099052496908,0.0486650482415799,0.08239904530776351,0.09685335377453375,-1.1380166814300725,-0.251577302713314,-0.6770032003863303,-0.6214005261193343,0.958023078624979,0.0,-0.21747559547610945,1.1048264940273784,1.00045336941773,0.0,1.2619796324000623,-1.239413205383021,0.9580230786249767,0.5993524013223553,0.9112438048403207,0.6416409104829942,0.0,0.9838978303311247,0.50863758598268
14,0.2860939125408211,-1.5234041437637527,-1.1895454534620895,-0.25210945316979655,-1.3235152376508565,0.5183648371242643,0.33445121474424405,0.1554737953532944,1.6046405560559092,-1.187074604064212,0.017436851272653823,0.024610841494742703,1.4539281231181573,-0.3495090523780701,1.521482446232534,-1.3992786907609887,-1.2434758878276109,1.8571477134749779,0.09685335377453375,0.8787217413573977,-0.8385910090443801,-0.6770032003863303,1.60926802918084,0.958023078624979,0.0,-0.05378428705323145,1.1048264940273784,1.00045336941773,0.0,-0.7924058156930616,0.8648144380844214,0.9580230786249767,-1.668467495573044,-1.6233416125963316,0.6416409104829942,0.0,-0.5769599175029536,1.25663403595721
15,1.6590035971629427,-1.6883087160268393,0.22494769448859314,-0.25210945316979655,0.2140675747147943,0.5183648371242643,-0.8384630100526206,1.4771849098230296,1.0637056070024604,0.2656390722381454,1.238016440358426,-0.6644927203580512,0.054959482317181174,-1.1265212241560154,-0.9743293664124448,-1.055637894332671,-1.3609432456520827,-0.8049752887758436,0.09685335377453375,-1.1380166814300725,-0.251577302713314,-0.6770032003863303,1.60926802918084,0.958023078624979,0.0,1.4194374887526706,-0.0759041102766904,0.7236480893416781,0.0,-0.7924058156930616,0.8648144380844214,0.9580230786249767,-1.668467495573044,-0.3560489038780054,0.6416409104829942,0.0,0.9838978303311247,-0.6881567339765676
16,0.9938672282155795,0.23557796037583797,-1.2999273512075367,-0.25210945316979655,-0.326940539729839,-1.4117170032320392,-0.14007167835866255,0.4185516190374307,-0.644932591390499,-1.187074604064212,-1.203142737813118,-0.6644927203580512,0.7544438027176693,-0.6757260331440582,-1.4928036706554157,-1.1356718014995,-0.06880230958289199,0.08239904530776351,0.09685335377453375,-1.1380166814300725,-0.251577302713314,-0.6770032003863303,-0.6214005261193343,-1.043816190143634,0.0,-0.21747559547610945,-0.0759041102766904,-0.6603783110385808,0.0,1.2619796324000623,0.8648144380844214,0.9580230786249767,0.5993524013223553,-0.7784798067841141,0.5099257675685966,0.0,-0.5769599175029536,1.25663403595721
17,-1.6410960795374365,-1.358499571500666,-1.265319266815277,1.3895334977032963,0.3523363489497871,-1.4117170032320392,-0.7725543543780408,-0.844568139191967,-0.7037336355054387,0.41091043986838116,-1.203142737813118,1.4028179652003303,0.054959482317181174,-0.17157409989324948,0.06680236936669726,-1.601801524480126,-0.6561390987052513,0.9697733793913708,-1.1358256942649858,0.8787217413573977,-0.8385910090443801,-0.6770032003863303,1.60926802918084,0.958023078624979,0.0,1.4194374887526706,-1.2566347145807593,0.7236480893416781,0.0,-0.7924058156930616,-1.239413205383021,-1.0438161901436347,0.5993524013223553,-1.6233416125963316,0.5099257675685966,0.0,0.9838978303311247,-1.5857524739460034
18,-0.3449328990246261,-0.09423118415033527,-0.055084461193482495,-0.25210945316979655,0.29002573404942766,0.904381205195525,-0.2573181741570675,-0.6981838259132815,-0.7651339399201548,-1.7681600745851547,-1.203142737813118,0.7137144033475366,1.4539281231181573,-1.5104349259469019,0.6291834802103037,0.6825877397738334,-0.06880230958289199,0.08239904530776351,1.3295324018140535,-1.1380166814300725,-0.8385910090443801,-0.6770032003863303,1.60926802918084,-1.043816190143634,0.0,1.4194374887526706,-1.2566347145807593,-1.4907941512667362,0.0,-0.7924058156930616,0.8648144380844214,-1.0438161901436347,0.5993524013223553,0.9112438048403207,0.6416409104829942,0.0,0.9838978303311247,-0.6881567339765676
19,-0.4984259072432484,1.4998463477261688,-0.8250701861621578,1.3895334977032963,-0.17341326369973378,-1.4117170032320392,1.2693147404806562,-1.1415890607109038,-1.443829684861748,-1.4776173393246832,1.238016440358426,0.024610841494742703,1.4539281231181573,0.7187579607779309,0.9387481420628155,0.13046959009520773,-1.1260085300031388,-0.8049752887758436,-1.1358256942649858,-1.1380166814300725,-0.8385910090443801,-0.6770032003863303,-0.6214005261193343,0.958023078624979,0.0,-0.5448582123218655,-0.0759041102766904,1.00045336941773,0.0,-0.7924058156930616,-1.07754954050091,-1.0438161901436347,0.5993524013223553,0.9112438048403207,-1.7292316619761623,0.0,0.9838978303311247,-1.5857524739460034
20,0.6271894863599817,0.015705197358389145,1.250094133970822,-0.25210945316979655,1.4756295607828038,0.5183648371242643,0.03804439940301957,0.28812281959683333,1.0467237730439218,1.1372672780195598,1.238016440358426,0.024610841494742703,-1.3440091584837952,0.41903831559721644,0.15715638559757775,1.3120342748011093,-1.4784106034765545,0.9697733793913708,1.3295324018140535,0.8787217413573977,1.5094638162798841,1.4770978917519937,1.60926802918084,-1.043816190143634,0.0,-1.6906973712820115,-0.0759041102766904,-0.6603783110385808,0.0,1.2619796324000623,-1.07754954050091,-1.0438161901436347,0.5993524013223553,-0.3560489038780054,0.6416409104829942,0.0,-0.5769599175029536,-0.6881567339765676
21,-1.3085278950637549,1.4448781569718065,-0.5202548948297565,-1.0729309286063429,-0.9934209557884642,0.904381205195525,1.386014830695908,-1.5320852095265645,-1.0225184709380049,0.7014531751288526,-1.203142737813118,0.024610841494742703,-1.3440091584837952,-1.245657924019672,0.6165400093296071,0.48779280389960816,-1.008541172178667,-0.8049752887758436,-1.1358256942649858,0.8787217413573977,-0.8385910090443801,-0.6770032003863303,-0.6214005261193343,-1.043816190143634,0.0,-0.05378428705323145,-0.0759041102766904,0.7236480893416781,0.0,1.2619796324000623,0.8648144380844214,-1.0438161901436347,0.5993524013223553,0.9112438048403207,0.6416409104829942,0.0,-0.5769599175029536,0.50863758598268
22,-1.5046578500097723,-0.36907213792214627,1.6044910540853001,-1.0729309286063429,0.9125847654587751,0.5183648371242643,-1.067552657549359,0.293353518708848,-1.3950213525659483,1.5730813809102668,-1.203142737813118,-0.6644927203580512,0.7544438027176693,-1.3831808712480567,-1.0658103597897939,-1.430100690962826,0.6360018373639393,0.9697733793913708,0.09685335377453375,0.8787217413573977,-0.8385910090443801,-0.6770032003863303,-0.6214005261193343,-1.043816190143634,0.0,-0.05378428705323145,1.1048264940273784,-1.4907941512667362,0.0,1.2619796324000623,0.8648144380844214,-1.0438161901436347,0.5993524013223553,-1.6233416125963316,0.6416409104829942,0.0,0.9838978303311247,1.25663403595721
23,0.2860939125408211,1.0051326309369089,-0.3286012053808095,-1.0729309286063429,0.41780808772801836,-1.4117170032320392,1.6135866849061093,-0.6179923165053435,0.8955045849369353,0.8467245427590883,1.238016440358426,-0.6644927203580512,0.054959482317181174,-1.6000663151962906,1.4910394272110448,-0.7275260158054795,1.5757406999597143,-0.8049752887758436,0.09685335377453375,0.8787217413573977,-0.8385910090443801,1.4770978917519937,-0.6214005261193343,-1.043816190143634,0.0,-1.6906973712820115,-1.2566347145807593,0.7236480893416781,0.0,-0.7924058156930616,0.8648144380844214,0.9580230786249767,0.5993524013223553,-0.3560489038780054,0.5099257675685966,0.0,0.9838978303311247,1.25663403595721
24,1.5310927569807575,-0.3141039471677841,1.8671347014234059,1.3895334977032963,-0.7021720231176135,0.904381205195525,-0.8025823767588874,0.36059998858777115,-1.054287207935271,0.8467245427590883,0.017436851272653823,1.4028179652003303,-1.3440091584837952,0.43890975063251053,-0.41392203372517655,1.53520194617788,-0.6561390987052513,0.9697733793913708,0.09685335377453375,-1.1380166814300725,1.5094638162798841,-0.6770032003863303,-0.6214005261193343,-1.043816190143634,0.0,1.4194374887526706,1.1048264940273784,-0.6603783110385808,0.0,-0.7924058156930616,0.8648144380844214,0.9580230786249767,0.5993524013223553,-1.6233416125963316,0.5099257675685966,0.0,0.9838978303311247,-0.6881567339765676
25,0.4651690887958804,-1.4134677622550282,-1.4290415369216807,-0.25210945316979655,0.8858671896063771,0.904381205195525,-0.8708952169993417,1.549887864387148,1.8210722970172835,-0.024903663022326036,1.238016440358426,0.7137144033475366,-0.644524838083307,-0.0504648089978473,1.807659370234677,1.4687457137601336,1.6932080577841861,0.08239904530776351,0.09685335377453375,-1.1380166814300725,-0.251577302713314,-0.6770032003863303,1.60926802918084,0.958023078624979,0.0,-0.21747559547610945,-0.0759041102766904,0.7236480893416781,0.0,-0.7924058156930616,0.8648144380844214,-1.0438161901436347,0.5993524013223553,0.9112438048403207,0.5099257675685966,0.0,0.9838978303311247,-1.5857524739460034
26,0.3372582486136952,0.18060976962147576,0.2402591034697703,-1.0729309286063429,-0.43913004197238886,0.5183648371242643,-0.8678960574651448,1.054401424042559,-0.8315017195744433,-0.6059891335432689,0.017436851272653823,-1.3535962822108452,0.7544438027176693,-0.9575753822323793,0.8347721293398338,0.8610836688729478,-0.30373702523183577,-0.8049752887758436,0.09685335377453375,0.8787217413573977,-0.251577302713314,1.4770978917519937,-0.6214005261193343,-1.043816190143634,0.0,-0.05378428705323145,1.1048264940273784,1.00045336941773,0.0,-0.7924058156930616,0.8648144380844214,-1.0438161901436347,-1.668467495573044,0.9112438048403207,-1.7292316619761623,0.0,0.9838978303311247,0.50863758598268
27,-0.06352905062381857,-0.533976710185233,1.0896161318155457,-1.0729309286063429,0.7374159490340088,-1.4117170032320392,0.40753599707757043,-1.2874465409855016,1.223011382708751,0.41091043986838116,0.017436851272653823,1.4028179652003303,-0.644524838083307,0.17851032717918988,0.6189716872912825,-0.007595684981774247,0.40106712171499553,-0.8049752887758436,0.09685335377453375,0.8787217413573977,-0.8385910090443801,1.4770978917519937,-0.6214005261193343,-1.043816190143634,0.0,-0.21747559547610945,1.1048264940273784,-0.6603783110385808,0.0,-0.7924058156930616,0.8648144380844214,-1.0438161901436347,-1.668467495573044,-0.3560489038780054,-1.7292316619761623,0.0,-0.5769599175029536,1.25663403595721
28,1.5993118717445896,-0.3141039471677841,-0.44350204203569626,1.3895334977032963,0.3515460679803192,-1.4117170032320392,-0.12049821613548226,1.045181846471022,-1.0493197326956984,0.2656390722381454,0.017436851272653823,-1.3535962822108452,-0.644524838083307,-0.7929938892628488,-0.2059107670562994,-0.5338298893767676,0.40106712171499553,-0.8049752887758436,-1.1358256942649858,-1.1380166814300725,-0.8385910090443801,-0.6770032003863303,-0.6214005261193343,0.958023078624979,0.0,-0.21747559547610945,-1.2566347145807593,0.7236480893416781,0.0,-0.7924058156930616,0.8648144380844214,0.9580230786249767,0.5993524013223553,0.488812901934212,0.5099257675685966,0.0,0.9838978303311247,1.25663403595721
29,1.4458188635259674,0.07067338811275135,-0.9753623387620022,1.3895334977032963,0.8881772416709758,-1.4117170032320392,-0.4654258472607194,-0.14011715086883272,-1.5078292495762404,-1.0418032364339762,1.238016440358426,-0.6644927203580512,1.4539281231181573,1.5969564629178026,0.8882418632297057,0.9725337765532763,-0.8910738143541952,-0.8049752887758436,1.3295324018140535,-1.1380166814300725,-0.251577302713314,-0.6770032003863303,-0.6214005261193343,-1.043816190143634,0.0,-0.21747559547610945,1.1048264940273784,0.7236480893416781,0.0,-0.7924058156930616,-1.239413205383021,-1.0438161901436347,0.5993524013223553,0.9112438048403207,0.6416409104829942,0.0,-0.5769599175029536,0.50863758598268
30,1.6078392610900687,0.34551434188456237,0.1311058042383595,-1.0729309286063429,0.6762603601659483,0.904381205195525,-0.6060342173255008,1.627972041778735,-0.2455706866648669,0.991995910389324,0.017436851272653823,-0.6644927203580512,0.7544438027176693,0.2754270040971821,-1.0777603598846304,1.1108599200597689,1.2233386264862987,-0.8049752887758436,-1.1358256942649858,0.8787217413573977,-0.8385910090443801,1.4770978917519937,-0.6214005261193343,0.958023078624979,0.0,1.4194374887526706,-0.0759041102766904,-0.6603783110385808,0.0,1.2619796324000623,0.8648144380844214,-1.0438161901436347,0.5993524013223553,0.9112438048403207,0.6416409104829942,0.0,-1.5524960098992526,-1.5857524739460034
31,0.4907512568323175,0.29054615113020016,1.7228972358755466,-0.25210945316979655,1.124106506479069,0.904381205195525,-0.9661762083549842,-0.5324572151988005,-0.467258709565789,0.5561818074986169,0.017436851272653823,0.7137144033475366,-1.3440091584837952,-1.6064979506923138,0.39288139330057775,0.2727542143919205,-0.42120438305630764,-0.8049752887758436,-1.1358256942649858,0.8787217413573977,-0.8385910090443801,1.4770978917519937,-0.6214005261193343,0.958023078624979,0.0,1.4194374887526706,-0.0759041102766904,-1.4907941512667362,0.0,1.2619796324000623,-1.07754954050091,-1.0438161901436347,0.5993524013223553,-0.3560489038780054,0.5099257675685966,0.0,-0.7720671359822134,-0.6881567339765676
32,-1.5558221860826464,-0.14919937490469748,-0.8455301907912183,1.3895334977032963,-0.5437206887392845,0.5183648371242643,-0.8292712539093529,0.6579972193953422,1.2873575154632135,-1.0418032364339762,0.017436851272653823,-0.6644927203580512,-1.3440091584837952,0.5153603604145698,-0.963671521932669,0.46664994469472737,-0.6561390987052513,1.8571477134749779,0.09685335377453375,-1.1380166814300725,-0.8385910090443801,-0.6770032003863303,-0.6214005261193343,0.958023078624979,0.0,-0.5448582123218655,1.1048264940273784,-0.6603783110385808,0.0,-0.7924058156930616,-1.239413205383021,-1.0438161901436347,-1.668467495573044,-1.6233416125963316,0.5099257675685966,0.0,-0.7720671359822134,-1.5857524739460034
33,-0.23407683753339892,-1.6883087160268393,-0.5767704264754254,-0.25210945316979655,0.05278946609952259,0.5183648371242643,-1.4919398028113777,-0.2355491864664539,-0.1303368133747836,-1.4776173393246832,-1.203142737813118,-1.3535962822108452,-1.3440091584837952,-1.4755995114328768,-0.5025225097578412,1.0686315136534603,0.28359976389052366,-0.8049752887758436,-1.1358256942649858,0.8787217413573977,-0.8385910090443801,-0.6770032003863303,-0.6214005261193343,-1.043816190143634,0.0,1.4194374887526706,1.1048264940273784,1.00045336941773,0.0,1.2619796324000623,-1.239413205383021,0.9580230786249767,0.5993524013223553,0.9112438048403207,0.6416409104829942,0.0,-1.5524960098992526,-0.6881567339765676
34,-0.9333227638626782,-0.03926299339597306,-1.2336483007456356,1.3895334977032963,0.8101825890688671,0.904381205195525,0.6231476401898609,-0.43258472999529635,1.541334127421357,-0.6059891335432689,-1.203142737813118,1.4028179652003303,0.054959482317181174,-0.16014866881668266,0.1726657377561215,0.7844443450830546,-0.8910738143541952,1.8571477134749779,-1.1358256942649858,0.8787217413573977,-0.251577302713314,-0.6770032003863303,-0.6214005261193343,0.958023078624979,0.0,-0.21747559547610945,1.1048264940273784,-1.4907941512667362,0.0,-0.7924058156930616,0.8648144380844214,-1.0438161901436347,0.5993524013223553,0.9112438048403207,-1.7292316619761623,0.0,0.9838978303311247,0.50863758598268
35,-0.6945558621892658,-0.14919937490469748,-0.16910224266640572,1.3895334977032963,-1.8023951097265458,0.904381205195525,-1.3774010502361544,-0.014994312397976871,0.1962458029571116,-0.6059891335432689,0.017436851272653823,0.024610841494742703,-0.644524838083307,1.6727581299389764,0.12846063417423143,1.370819262618736,-1.3609432456520827,0.9697733793913708,1.3295324018140535,0.8787217413573977,-0.8385910090443801,-0.6770032003863303,-0.6214005261193343,0.958023078624979,0.0,-1.6906973712820115,1.1048264940273784,1.00045336941773,0.0,1.2619796324000623,-1.07754954050091,0.9580230786249767,0.5993524013223553,0.9112438048403207,0.5099257675685966,0.0,0.9838978303311247,-0.6881567339765676
36,0.20934740843150995,1.554814538480531,-0.5818191984940433,1.3895334977032963,1.1358695347553804,0.5183648371242643,0.029726892192797182,-1.6637558296196544,-1.3797723588072606,-1.4776173393246832,1.238016440358426,-0.6644927203580512,0.7544438027176693,1.5095594699341646,0.8632497336717486,0.7346744695327215,-0.18626966740736386,-0.8049752887758436,0.09685335377453375,0.8787217413573977,-0.251577302713314,-0.6770032003863303,-0.6214005261193343,-1.043816190143634,0.0,-0.21747559547610945,-0.0759041102766904,0.7236480893416781,0.0,-0.7924058156930616,0.8648144380844214,-1.0438161901436347,0.5993524013223553,-0.7784798067841141,0.6416409104829942,0.0,-0.7720671359822134,1.25663403595721
37,-1.5046578500097723,-0.4790085194308707,0.8675699866256261,1.3895334977032963,1.4519515271206673,0.904381205195525,0.686688538337443,1.478125683044615,1.750603462223348,-0.6059891335432689,0.017436851272653823,-1.3535962822108452,1.4539281231181573,0.6777645529406591,-1.2608303747516987,-1.4278161159286298,0.7534691951884112,-0.8049752887758436,1.3295324018140535,-1.1380166814300725,-0.8385910090443801,-0.6770032003863303,-0.6214005261193343,0.958023078624979,0.0,-0.05378428705323145,1.1048264940273784,-1.4907941512667362,0.0,-0.7924058156930616,-1.07754954050091,0.9580230786249767,-1.668467495573044,0.9112438048403207,0.6416409104829942,0.0,-0.5769599175029536,1.25663403595721
38,-1.4961304606642933,0.8951962494281844,-1.0087571821216508,-1.0729309286063429,0.17911283952678778,-1.4117170032320392,-1.488054251997843,1.0380319699869733,0.09914899042546749,-0.31544639828279747,0.017436851272653823,-0.6644927203580512,-0.644524838083307,1.0429515213045075,1.5775601878416918,0.5591653521997672,-0.30373702523183577,0.9697733793913708,1.3295324018140535,-1.1380166814300725,1.5094638162798841,-0.6770032003863303,1.60926802918084,-1.043816190143634,0.0,-0.05378428705323145,1.1048264940273784,-1.4907941512667362,0.0,-0.7924058156930616,-1.239413205383021,-1.0438161901436347,0.5993524013223553,0.9112438048403207,0.6416409104829942,0.0,-0.7720671359822134,-0.6881567339765676
39,-1.4449661245914192,-0.03926299339597306,1.5324721449406358,-0.25210945316979655,-0.7911394230265658,0.904381205195525,-1.0443607761310747,-0.9952423783610819,1.4605837741083063,-1.3323459716944475,1.238016440358426,0.7137144033475366,0.054959482317181174,0.18007837342115618,0.7620023019805688,-0.04593741529184355,1.5757406999597143,-0.8049752887758436,0.09685335377453375,0.8787217413573977,1.5094638162798841,1.4770978917519937,1.60926802918084,-1.043816190143634,0.0,-0.05378428705323145,1.1048264940273784,1.00045336941773,0.0,-0.7924058156930616,-1.239413205383021,0.9580230786249767,0.5993524013223553,0.9112438048403207,0.5099257675685966,0.0,-1.5524960098992526,-0.6881567339765676
40,-1.0697609933903425,0.510418914147649,0.8559098188533506,1.3895334977032963,-1.1795017286762695,0.5183648371242643,1.2040374868132757,-0.16450199277232583,0.8237072393231141,0.2656390722381454,0.017436851272653823,1.4028179652003303,-0.644524838083307,-0.37344752031715056,-0.953120311654136,-1.1069341136991036,0.28359976389052366,-0.8049752887758436,0.09685335377453375,-1.1380166814300725,-0.8385910090443801,1.4770978917519937,-0.6214005261193343,0.958023078624979,0.0,1.4194374887526706,-1.2566347145807593,1.00045336941773,0.0,-0.7924058156930616,-1.07754954050091,-1.0438161901436347,-1.668467495573044,0.488812901934212,0.5099257675685966,0.0,-0.7720671359822134,-1.5857524739460034
41,-1.1806170548815698,-1.6883087160268393,1.2914479920792121,-1.0729309286063429,-1.0918717273310325,0.5183648371242643,-1.5825459908444863,0.007471352133482058,1.1936686219912762,0.7014531751288526,-1.203142737813118,1.4028179652003303,-0.644524838083307,-1.4108396194139694,-1.46338238849028,-0.7264054673241739,0.40106712171499553,-0.8049752887758436,1.3295324018140535,0.8787217413573977,-0.8385910090443801,1.4770978917519937,-0.6214005261193343,-1.043816190143634,0.0,-1.6906973712820115,-1.2566347145807593,1.00045336941773,0.0,-0.7924058156930616,-1.07754954050091,-1.0438161901436347,0.5993524013223553,0.9112438048403207,0.5099257675685966,0.0,0.9838978303311247,0.50863758598268
42,1.7101679332358168,0.4004825326389246,1.328025673464286,-0.25210945316979655,0.21546576412231466,-1.4117170032320392,0.7655895045447789,1.675462274004365,-1.455555236880739,1.1372672780195598,1.238016440358426,-1.3535962822108452,0.7544438027176693,1.4730961281937995,-0.5550339297476551,-0.0304611980835474,-0.42120438305630764,0.08239904530776351,0.09685335377453375,0.8787217413573977,-0.8385910090443801,1.4770978917519937,-0.6214005261193343,0.958023078624979,0.0,1.4194374887526706,1.1048264940273784,-1.4907941512667362,0.0,1.2619796324000623,0.8648144380844214,0.9580230786249767,0.5993524013223553,-1.6233416125963316,0.6416409104829942,0.0,0.9838978303311247,0.50863758598268
43,1.6675309865084218,0.12564157886711355,0.9938622351278431,-0.25210945316979655,-0.002651783450846052,-1.4117170032320392,0.09415418161971689,-0.05048027831617749,0.33527734832514694,0.8467245427590883,1.238016440358426,-1.3535962822108452,0.7544438027176693,0.508268641509406,0.4749576683016454,0.2169639434443786,0.0486650482415799,-0.8049752887758436,-1.1358256942649858,0.8787217413573977,-0.8385910090443801,-0.6770032003863303,1.60926802918084,-1.043816190143634,0.0,-0.5448582123218655,-1.2566347145807593,-1.4907941512667362,0.0,-0.7924058156930616,-1.239413205383021,0.9580230786249767,0.5993524013223553,0.488812901934212,0.6416409104829942,0.0,-0.5769599175029536,0.50863758598268
44,-0.5240080752796855,1.3349417754630821,0.7955894711845255,-0.25210945316979655,1.4392158453434716,-1.4117170032320392,0.07709418507904177,0.4977647242949199,1.3322958379793464,0.7014531751288526,0.017436851272653823,0.024610841494742703,-1.3440091584837952,-0.6143730906197966,0.7805482895300611,-1.4222298424886113,-1.3609432456520827,1.8571477134749779,1.3295324018140535,0.8787217413573977,-0.251577302713314,-0.6770032003863303,1.60926802918084,0.958023078624979,0.0,-0.05378428705323145,-0.0759041102766904,1.00045336941773,0.0,-0.7924058156930616,-1.07754954050091,-1.0438161901436347,-1.668467495573044,0.9112438048403207,-1.7292316619761623,0.0,0.9838978303311247,-0.6881567339765676
45,0.72951815850573,1.6097827292348932,-0.8717569296955364,-0.25210945316979655,0.6772634090887344,0.5183648371242643,-0.3284723234299189,-1.284059757387794,0.276129736170237,-1.0418032364339762,-1.203142737813118,1.4028179652003303,0.054959482317181174,1.0931303936284682,1.160582128426134,-1.2600329201646066,-1.2434758878276109,0.9697733793913708,1.3295324018140535,0.8787217413573977,-0.251577302713314,-0.6770032003863303,-0.6214005261193343,0.958023078624979,0.0,-0.05378428705323145,-1.2566347145807593,0.7236480893416781,0.0,-0.7924058156930616,0.8648144380844214,0.9580230786249767,0.5993524013223553,-0.7784798067841141,-1.7292316619761623,0.0,0.9838978303311247,-0.6881567339765676
46,1.1388328470887228,-0.03926299339597306,-0.3788547239752497,-0.25210945316979655,1.0926472448098625,0.5183648371242643,1.6548828046462063,0.7492145909602609,1.1156330516579918,-0.31544639828279747,1.238016440358426,0.7137144033475366,1.4539281231181573,1.156389779585458,1.4894371263701474,0.47452474572090425,0.9884039108373549,-0.8049752887758436,0.09685335377453375,0.8787217413573977,1.5094638162798841,-0.6770032003863303,-0.6214005261193343,0.958023078624979,0.0,1.4194374887526706,-1.2566347145807593,-0.6603783110385808,0.0,-0.7924058156930616,-1.07754954050091,0.9580230786249767,-1.668467495573044,0.9112438048403207,0.5099257675685966,0.0,0.9838978303311247,-0.6881567339765676
47,0.5674977609416286,-1.4684359530093904,0.1482025204352456,1.3895334977032963,-1.8827302098151557,0.5183648371242643,0.03842081213808073,-1.1154731960796938,-1.0667636573741974,-0.31544639828279747,0.017436851272653823,1.4028179652003303,-1.3440091584837952,0.7107965750183196,0.05059536468891088,1.038507138872965,1.3408059843107705,-0.8049752887758436,-1.1358256942649858,0.8787217413573977,1.5094638162798841,-0.6770032003863303,-0.6214005261193343,0.958023078624979,0.0,-1.6906973712820115,1.1048264940273784,0.7236480893416781,0.0,1.2619796324000623,-1.239413205383021,-1.0438161901436347,0.5993524013223553,0.488812901934212,0.5099257675685966,0.0,0.9838978303311247,1.25663403595721
48,-0.9930144892810314,0.8951962494281844,0.1731200340480439,-1.0729309286063429,1.4228023175160602,0.904381205195525,-0.6759377049302457,-0.3701926499397538,0.530915006888311,-0.024903663022326036,1.238016440358426,1.4028179652003303,-1.3440091584837952,0.42067320572871614,-0.219361312479736,-1.0420127889600412,-1.7133453191254984,-0.8049752887758436,-1.1358256942649858,0.8787217413573977,-0.8385910090443801,1.4770978917519937,-0.6214005261193343,-1.043816190143634,0.0,-1.6906973712820115,-1.2566347145807593,0.7236480893416781,0.0,1.2619796324000623,-1.07754954050091,-1.0438161901436347,0.5993524013223553,0.9112438048403207,0.6416409104829942,0.0,-1.5524960098992526,-1.5857524739460034
49,0.0814365682493247,0.8402280586738222,0.4807687807034413,1.3895334977032963,0.022181276243589423,0.5183648371242643,0.15905502255203613,-1.0154501871607358,-1.1560626890065124,-0.024903663022326036,-1.203142737813118,-0.6644927203580512,0.7544438027176693,-0.452906105128204,-0.6258794627956029,0.08243224982167259,-1.7133453191254984,0.08239904530776351,-1.1358256942649858,0.8787217413573977,1.5094638162798841,-0.6770032003863303,1.60926802918084,0.958023078624979,0.0,1.4194374887526706,1.1048264940273784,-1.4907941512667362,0.0,1.2619796324000623,0.8648144380844214,0.9580230786249767,0.5993524013223553,0.488812901934212,-1.7292316619761623,0.0,0.9838978303311247,0.50863758598268
50,-1.5728769647736045,-0.6439130916939573,-0.9980376600866843,-0.25210945316979655,0.24318638889749863,-1.4117170032320392,1.4077496305591166,-1.0684345350004245,1.6520626161918281,0.12036770460790969,0.017436851272653823,1.4028179652003303,-1.3440091584837952,-1.405912667722959,-0.3063127916487367,-0.7030478615030972,1.2233386264862987,-0.8049752887758436,1.3295324018140535,-1.1380166814300725,-0.8385910090443801,-0.6770032003863303,-0.6214005261193343,0.958023078624979,0.0,-0.5448582123218655,-0.0759041102766904,1.00045336941773,0.0,-0.7924058156930616,-1.239413205383021,0.9580230786249767,0.5993524013223553,-1.6233416125963316,0.6416409104829942,0.0,0.9838978303311247,-1.5857524739460034
51,-0.805411923680493,1.6097827292348932,1.8248785912812706,1.3895334977032963,0.7936778749757479,0.904381205195525,-0.4817573030238568,0.5332130592842571,1.2397044099673145,-1.4776173393246832,1.238016440358426,-1.3535962822108452,0.054959482317181174,0.059524026066983135,-1.5665541144927768,-0.33601059249274023,-1.5958779613010263,0.9697733793913708,1.3295324018140535,0.8787217413573977,-0.251577302713314,-0.6770032003863303,-0.6214005261193343,0.958023078624979,0.0,-0.21747559547610945,1.1048264940273784,0.7236480893416781,0.0,-0.7924058156930616,-1.07754954050091,-1.0438161901436347,0.5993524013223553,0.9112438048403207,0.6416409104829942,0.0,-1.5524960098992526,-0.6881567339765676
52,0.004690064140013556,0.015705197358389145,0.11160948156874625,-1.0729309286063429,-0.604085996637877,-1.4117170032320392,-1.2428152839323516,1.2732629063121823,0.1961880416171166,-0.8965318688037404,0.017436851272653823,-0.6644927203580512,0.054959482317181174,0.008691336948526142,1.144414153259914,-1.155897009890472,-1.3609432456520827,-0.8049752887758436,1.3295324018140535,0.8787217413573977,-0.8385910090443801,-0.6770032003863303,1.60926802918084,-1.043816190143634,0.0,-0.05378428705323145,-1.2566347145807593,0.7236480893416781,0.0,-0.7924058156930616,0.8648144380844214,-1.0438161901436347,0.5993524013223553,-0.7784798067841141,0.6416409104829942,0.0,0.9838978303311247,-0.6881567339765676
53,1.317908023343782,0.7302916771650978,0.009259546608811344,1.3895334977032963,0.8202130782967304,0.5183648371242643,-1.5302610477098622,-1.2862423512618724,1.0221752035460345,-0.4607177659130332,0.017436851272653823,1.4028179652003303,0.7544438027176693,-1.559092403493466,-0.13714773723262386,-0.8435788702458797,0.7534691951884112,0.08239904530776351,0.09685335377453375,-1.1380166814300725,-0.251577302713314,-0.6770032003863303,-0.6214005261193343,-1.043816190143634,0.0,1.4194374887526706,-0.0759041102766904,0.7236480893416781,0.0,-0.7924058156930616,-1.239413205383021,0.9580230786249767,0.5993524013223553,-1.6233416125963316,-1.7292316619761623,0.0,-1.5524960098992526,-0.6881567339765676
54,1.6419488184719848,1.4448781569718065,-0.5973840059187404,-1.0729309286063429,-1.097981207133458,-1.4117170032320392,-1.5157995132757383,-1.5547390287023404,-0.45403136270692734,1.5730813809102668,-1.203142737813118,-1.3535962822108452,-0.644524838083307,1.1970315607121649,0.8928375882166036,1.2243910463482364,0.28359976389052366,1.8571477134749779,0.09685335377453375,-1.1380166814300725,-0.8385910090443801,1.4770978917519937,1.60926802918084,0.958023078624979,0.0,-0.05378428705323145,-0.0759041102766904,-0.6603783110385808,0.0,-0.7924058156930616,-1.07754954050091,-1.0438161901436347,0.5993524013223553,-1.6233416125963316,0.5099257675685966,0.0,0.9838978303311247,1.25663403595721
55,1.1132506790522856,-1.3035313807463038,-1.2195078997231494,-0.25210945316979655,-1.1244252241887327,0.5183648371242643,-0.02037242860921389,-1.2002933097378317,0.2407220347532841,-0.4607177659130332,1.238016440358426,1.4028179652003303,-0.644524838083307,0.10636697052892681,-0.20852016868671266,0.1387001207979894,-0.30373702523183577,0.08239904530776351,-1.1358256942649858,0.8787217413573977,1.5094638162798841,1.4770978917519937,-0.6214005261193343,0.958023078624979,0.0,-0.5448582123218655,1.1048264940273784,1.00045336941773,0.0,-0.7924058156930616,0.8648144380844214,-1.0438161901436347,0.5993524013223553,0.488812901934212,-1.7292316619761623,0.0,0.9838978303311247,1.25663403595721
56,0.07290917890384568,-1.1935949992375794,0.15320905937994345,1.3895334977032963,0.13543461825273054,0.5183648371242643,-0.12157888495549656,0.2857897020073016,-0.02879237766352223,0.5561818074986169,0.017436851272653823,-1.3535962822108452,0.054959482317181174,-0.35480782320460896,0.921136074968653,0.3619455256966853,1.2233386264862987,-0.8049752887758436,0.09685335377453375,-1.1380166814300725,-0.8385910090443801,1.4770978917519937,1.60926802918084,-1.043816190143634,0.0,1.4194374887526706,-1.2566347145807593,0.7236480893416781,0.0,1.2619796324000623,-1.07754954050091,-1.0438161901436347,0.5993524013223553,0.488812901934212,-1.7292316619761623,0.0,0.9838978303311247,-1.5857524739460034
57,0.9341755027972264,1.1150690124456333,-0.5032157691882159,-0.25210945316979655,0.8171127452626638,0.904381205195525,0.6129359269580404,1.6653019232112427,0.10261467082516924,-1.3323459716944475,1.238016440358426,0.7137144033475366,0.054959482317181174,-1.1706381912479331,-1.256603339257987,1.2034741413638654,0.9884039108373549,0.9697733793913708,0.09685335377453375,-1.1380166814300725,1.5094638162798841,-0.6770032003863303,-0.6214005261193343,-1.043816190143634,0.0,-0.21747559547610945,1.1048264940273784,0.7236480893416781,0.0,1.2619796324000623,-1.239413205383021,0.9580230786249767,0.5993524013223553,0.9112438048403207,-1.7292316619761623,0.0,-1.5524960098992526,1.25663403595721
58,-0.2255494481879199,-1.5783723345181149,0.41407123887269676,-1.0729309286063429,-1.0011717883736309,0.904381205195525,1.2566624156440842,-0.30546745229467953,-0.7612061688004927,-1.187074604064212,-1.203142737813118,-0.6644927203580512,1.4539281231181573,-0.9487888922113422,-1.6055850199699158,-1.2513906652990876,-0.6561390987052513,-0.8049752887758436,0.09685335377453375,-1.1380166814300725,1.5094638162798841,-0.6770032003863303,1.60926802918084,-1.043816190143634,0.0,-1.6906973712820115,1.1048264940273784,0.7236480893416781,0.0,-0.7924058156930616,0.8648144380844214,-1.0438161901436347,0.5993524013223553,-0.3560489038780054,0.5099257675685966,0.0,-0.5769599175029536,1.25663403595721
59,0.47369647814135946,1.27997358470872,-0.10171361417151571,-0.25210945316979655,-0.6310771312873982,0.5183648371242643,0.7463681703640752,-0.728853032936965,-1.1284527684888885,0.41091043986838116,-1.203142737813118,0.7137144033475366,1.4539281231181573,0.6265308004850029,-1.338889397883722,0.5059784954780454,-0.8910738143541952,1.8571477134749779,-1.1358256942649858,0.8787217413573977,-0.8385910090443801,1.4770978917519937,-0.6214005261193343,-1.043816190143634,0.0,-0.05378428705323145,-1.2566347145807593,-0.6603783110385808,0.0,-0.7924058156930616,-1.07754954050091,0.9580230786249767,-1.668467495573044,-0.3560489038780054,0.6416409104829942,0.0,-0.7720671359822134,-0.6881567339765676
60,-1.2147266122634859,-1.7432769067812015,-1.4116338317259292,1.3895334977032963,-0.12019087994825606,-1.4117170032320392,1.073118709089746,0.20032986255848542,-0.7195602426640767,-0.4607177659130332,-1.203142737813118,-1.3535962822108452,-1.3440091584837952,0.6301821479507543,-1.51212676365841,0.9786872411998817,0.7534691951884112,-0.8049752887758436,1.3295324018140535,-1.1380166814300725,-0.8385910090443801,1.4770978917519937,-0.6214005261193343,0.958023078624979,0.0,-1.6906973712820115,-0.0759041102766904,-0.6603783110385808,0.0,1.2619796324000623,0.8648144380844214,0.9580230786249767,0.5993524013223553,0.9112438048403207,0.5099257675685966,0.0,-0.5769599175029536,1.25663403595721
61,-0.5836998006980386,0.8402280586738222,-0.10546083963932637,-0.25210945316979655,1.2224053009121236,-1.4117170032320392,-1.7482647330417347,-0.8797154267503968,0.6685602800964655,1.1372672780195598,1.238016440358426,1.4028179652003303,1.4539281231181573,-0.7578326107873492,-1.5055502909595373,-0.8775839922946707,0.0486650482415799,-0.8049752887758436,-1.1358256942649858,-1.1380166814300725,-0.8385910090443801,-0.6770032003863303,-0.6214005261193343,-1.043816190143634,0.0,1.4194374887526706,1.1048264940273784,0.7236480893416781,0.0,-0.7924058156930616,0.8648144380844214,-1.0438161901436347,-1.668467495573044,0.9112438048403207,0.6416409104829942,0.0,-0.5769599175029536,1.25663403595721
62,0.37136780599561126,-1.6883087160268393,0.5734435023653406,-1.0729309286063429,1.3461146680557643,0.5183648371242643,1.3149578201933947,0.5056295884273737,-1.4961614588972445,0.5561818074986169,0.017436851272653823,-1.3535962822108452,-1.3440091584837952,-1.2005515281045596,0.3983169497417084,-0.5937064402946436,0.9884039108373549,1.8571477134749779,1.3295324018140535,-1.1380166814300725,-0.8385910090443801,1.4770978917519937,1.60926802918084,0.958023078624979,0.0,1.4194374887526706,-0.0759041102766904,-0.6603783110385808,0.0,-0.7924058156930616,0.8648144380844214,0.9580230786249767,0.5993524013223553,0.9112438048403207,0.6416409104829942,0.0,-0.7720671359822134,1.25663403595721
63,-1.2403087802999229,1.1700372031999955,1.00099194587961,-0.25210945316979655,-0.006572792876283195,0.904381205195525,0.9065864296909139,0.39111867189600097,1.3362236090990083,-0.17017503065256176,-1.203142737813118,0.7137144033475366,-0.644524838083307,-0.9840490439401096,-1.4217009610044706,-0.809542786540051,-1.4784106034765545,0.9697733793913708,1.3295324018140535,-1.1380166814300725,-0.251577302713314,1.4770978917519937,-0.6214005261193343,0.958023078624979,0.0,-0.5448582123218655,-0.0759041102766904,-0.6603783110385808,0.0,-0.7924058156930616,0.8648144380844214,0.9580230786249767,0.5993524013223553,0.9112438048403207,-1.7292316619761623,0.0,0.9838978303311247,0.50863758598268
64,-0.31082334164271,0.8951962494281844,0.936816870372996,-0.25210945316979655,0.04160395083936031,0.5183648371242643,1.1524446574173124,1.2745799888224019,-1.3006970843540657,0.12036770460790969,0.017436851272653823,0.7137144033475366,0.054959482317181174,-0.6052948548725677,0.883163844992742,0.9131743511837986,-1.7133453191254984,0.08239904530776351,-1.1358256942649858,0.8787217413573977,-0.251577302713314,-0.6770032003863303,1.60926802918084,0.958023078624979,0.0,-0.05378428705323145,1.1048264940273784,1.00045336941773,0.0,1.2619796324000623,0.8648144380844214,0.9580230786249767,0.5993524013223553,-0.7784798067841141,0.5099257675685966,0.0,0.9838978303311247,-0.6881567339765676
65,-0.04647427193286054,-1.6883087160268393,-1.1096174413833169,-1.0729309286063429,1.3542606411256644,0.5183648371242643,0.3140035035880185,0.5545497959498136,-0.5604277509777712,0.2656390722381454,1.238016440358426,-0.6644927203580512,0.054959482317181174,0.17973092445368682,-1.4505235583404064,1.0115408531103294,1.2233386264862987,-0.8049752887758436,1.3295324018140535,-1.1380166814300725,-0.8385910090443801,1.4770978917519937,-0.6214005261193343,0.958023078624979,0.0,-0.5448582123218655,-1.2566347145807593,-0.6603783110385808,0.0,1.2619796324000623,0.8648144380844214,0.9580230786249767,0.5993524013223553,-1.6233416125963316,0.5099257675685966,0.0,0.9838978303311247,1.25663403595721
66,1.1388328470887228,0.29054615113020016,-0.18199484832307392,-1.0729309286063429,1.1662649566579948,0.5183648371242643,1.6525879011969624,-0.8588678921600648,0.4093273861987744,0.5561818074986169,0.017436851272653823,0.7137144033475366,1.4539281231181573,0.24739156276212906,-1.4574533875100646,1.3127404640850358,-1.1260085300031388,0.9697733793913708,-1.1358256942649858,0.8787217413573977,-0.8385910090443801,1.4770978917519937,-0.6214005261193343,-1.043816190143634,0.0,1.4194374887526706,-0.0759041102766904,-0.6603783110385808,0.0,-0.7924058156930616,0.8648144380844214,-1.0438161901436347,0.5993524013223553,-1.6233416125963316,0.5099257675685966,0.0,-0.5769599175029536,0.50863758598268
67,-1.5558221860826464,1.6097827292348932,-1.4752713953826522,-0.25210945316979655,-0.1724710056207529,-1.4117170032320392,1.68092813744318,1.6962721776658336,-1.2340404979998019,-1.4776173393246832,1.238016440358426,-0.6644927203580512,0.7544438027176693,1.3993234517361643,-0.7652838176870684,-0.6803654833089094,1.4582733421352425,-0.8049752887758436,1.3295324018140535,0.8787217413573977,-0.8385910090443801,1.4770978917519937,-0.6214005261193343,-1.043816190143634,0.0,-0.21747559547610945,1.1048264940273784,-0.6603783110385808,0.0,-0.7924058156930616,0.8648144380844214,-1.0438161901436347,0.5993524013223553,-0.7784798067841141,-1.7292316619761623,0.0,-0.5769599175029536,-0.6881567339765676
68,1.3093806339983032,-1.633340525272477,0.7982271186193471,1.3895334977032963,1.4238661572826516,0.904381205195525,-1.4641581144946056,-0.3344808984483727,1.5763952607983398,0.7014531751288526,-1.203142737813118,-1.3535962822108452,1.4539281231181573,1.7890038315803216,0.32478395604021537,-0.03541769824424303,-0.42120438305630764,-0.8049752887758436,1.3295324018140535,0.8787217413573977,-0.251577302713314,-0.6770032003863303,-0.6214005261193343,-1.043816190143634,0.0,-0.05378428705323145,-0.0759041102766904,1.00045336941773,0.0,-0.7924058156930616,-1.239413205383021,-1.0438161901436347,-1.668467495573044,0.9112438048403207,0.5099257675685966,0.0,-0.7720671359822134,-0.6881567339765676
69,1.4202366954895302,0.015705197358389145,0.15663377773781959,-0.25210945316979655,1.2775122008215631,-1.4117170032320392,0.7999523445519752,-0.989635369960433,0.10244138680518415,1.4278100132800313,-1.203142737813118,0.7137144033475366,-0.644524838083307,0.4409498818443053,1.7883481254762654,1.2627163076917962,1.3408059843107705,1.8571477134749779,-1.1358256942649858,-1.1380166814300725,1.5094638162798841,-0.6770032003863303,1.60926802918084,-1.043816190143634,0.0,-0.5448582123218655,-1.2566347145807593,1.00045336941773,0.0,-0.7924058156930616,0.8648144380844214,0.9580230786249767,-1.668467495573044,0.9112438048403207,0.5099257675685966,0.0,0.9838978303311247,0.50863758598268
70,1.1047232897068067,-0.6988812824483195,-0.1869476360827827,-0.25210945316979655,0.14978125739076462,-1.4117170032320392,1.1983184417096047,-1.3841203972356155,-0.9316021217858289,0.2656390722381454,0.017436851272653823,1.4028179652003303,-0.644524838083307,1.613443926045478,-0.5803870822875979,-1.3398777635959067,-0.5386717408807795,-0.8049752887758436,1.3295324018140535,0.8787217413573977,-0.251577302713314,-0.6770032003863303,-0.6214005261193343,0.958023078624979,0.0,1.4194374887526706,1.1048264940273784,-0.6603783110385808,0.0,1.2619796324000623,-1.07754954050091,-1.0438161901436347,-1.668467495573044,0.9112438048403207,0.6416409104829942,0.0,0.9838978303311247,-1.5857524739460034
71,1.1217780683977647,-0.03926299339597306,-1.3335909504921308,1.3895334977032963,-1.4051877363031813,0.5183648371242643,1.0105127716066706,1.356239104456013,0.9290061621340523,0.12036770460790969,1.238016440358426,0.7137144033475366,0.054959482317181174,1.517206828671073,-1.4788582867817672,0.5975077412684969,1.1058712686618268,-0.8049752887758436,0.09685335377453375,0.8787217413573977,1.5094638162798841,1.4770978917519937,1.60926802918084,0.958023078624979,0.0,-0.05378428705323145,-0.0759041102766904,1.00045336941773,0.0,-0.7924058156930616,0.8648144380844214,0.9580230786249767,-1.668467495573044,0.9112438048403207,0.6416409104829942,0.0,-1.5524960098992526,-0.6881567339765676
72,0.7039359904692929,-1.1935949992375794,1.1570162784215048,-1.0729309286063429,-1.3235152376508565,0.904381205195525,-1.5751634442987708,-0.6026012666002066,-0.6043263693739934,-1.7681600745851547,0.017436851272653823,-1.3535962822108452,1.4539281231181573,0.18563129028602426,0.8904588788777682,-0.5983236797452437,0.5185344795394674,1.8571477134749779,0.09685335377453375,-1.1380166814300725,-0.8385910090443801,-0.6770032003863303,-0.6214005261193343,0.958023078624979,0.0,1.4194374887526706,-1.2566347145807593,1.00045336941773,0.0,-0.7924058156930616,-1.07754954050091,-1.0438161901436347,-1.668467495573044,-1.6233416125963316,0.6416409104829942,0.0,0.9838978303311247,1.25663403595721
73,0.2860939125408211,-0.8088176639570439,0.16176701590427742,-1.0729309286063429,-0.9340283013907559,0.904381205195525,-0.13272555885182377,-1.35409091600261,-0.3770354964935534,1.4278100132800313,-1.203142737813118,1.4028179652003303,-0.644524838083307,-1.237584435486989,0.41363603303136814,0.7167621627983417,1.4582733421352425,0.9697733793913708,0.09685335377453375,0.8787217413573977,-0.251577302713314,-0.6770032003863303,1.60926802918084,0.958023078624979,0.0,-0.05378428705323145,1.1048264940273784,0.7236480893416781,0.0,-0.7924058156930616,-1.07754954050091,-1.0438161901436347,0.5993524013223553,-1.6233416125963316,0.6416409104829942,0.0,-0.7720671359822134,0.50863758598268
74,-0.5666450220070806,-1.6883087160268393,-1.5368625746394333,-1.0729309286063429,1.7118019889661176,0.5183648371242643,-0.3951095198820364,-1.3411082455447318,1.420612926831746,0.8467245427590883,1.238016440358426,1.4028179652003303,0.7544438027176693,0.2535676596387912,1.69990097966761,-1.2860459821456731,-0.42120438305630764,-0.8049752887758436,-1.1358256942649858,-1.1380166814300725,-0.8385910090443801,-0.6770032003863303,-0.6214005261193343,0.958023078624979,0.0,-0.21747559547610945,1.1048264940273784,0.7236480893416781,0.0,1.2619796324000623,0.8648144380844214,0.9580230786249767,0.5993524013223553,-0.3560489038780054,-1.7292316619761623,0.0,0.9838978303311247,-0.6881567339765676
75,0.5078060355232755,0.8951962494281844,-1.1674345195797928,-0.25210945316979655,-0.2193711416164864,0.904381205195525,-0.7669081633521234,0.355783229693254,-0.2609929644435397,-0.8965318688037404,0.017436851272653823,0.7137144033475366,-1.3440091584837952,-0.008424180224555143,-0.6963103072831618,-0.7521365805985981,0.6360018373639393,1.8571477134749779,0.09685335377453375,0.8787217413573977,-0.8385910090443801,1.4770978917519937,-0.6214005261193343,0.958023078624979,0.0,-1.6906973712820115,-0.0759041102766904,-1.4907941512667362,0.0,-0.7924058156930616,0.8648144380844214,-1.0438161901436347,0.5993524013223553,-1.6233416125963316,-1.7292316619761623,0.0,-0.7720671359822134,1.25663403595721
76,-0.771302366298577,1.0051326309369089,-1.3767608307790806,-1.0729309286063429,1.6871513018030968,-1.4117170032320392,-0.5034192488093119,-1.2532776575775204,-1.3899961159863807,0.2656390722381454,1.238016440358426,0.7137144033475366,-1.3440091584837952,0.7753733426315268,1.8094031530550012,-1.1086304172495807,0.40106712171499553,0.08239904530776351,-1.1358256942649858,0.8787217413573977,1.5094638162798841,-0.6770032003863303,-0.6214005261193343,-1.043816190143634,0.0,-0.5448582123218655,1.1048264940273784,0.7236480893416781,0.0,-0.7924058156930616,0.8648144380844214,-1.0438161901436347,0.5993524013223553,0.9112438048403207,0.6416409104829942,0.0,-1.5524960098992526,-1.5857524739460034
77,1.1047232897068067,1.4998463477261688,-0.5868602917719484,-1.0729309286063429,0.27482802309812043,-1.4117170032320392,-0.8645569122347635,-1.1731990409561728,1.5715433082387573,-1.187074604064212,0.017436851272653823,1.4028179652003303,-0.644524838083307,-0.3770167055020174,1.2271553238687312,0.31184231826419995,1.4582733421352425,-0.8049752887758436,-1.1358256942649858,0.8787217413573977,1.5094638162798841,1.4770978917519937,1.60926802918084,0.958023078624979,0.0,-0.21747559547610945,-0.0759041102766904,1.00045336941773,0.0,-0.7924058156930616,-1.239413205383021,-1.0438161901436347,0.5993524013223553,-0.3560489038780054,-1.7292316619761623,0.0,0.9838978303311247,1.25663403595721
78,-1.5643495754281254,-1.1935949992375794,-0.9424934891411754,-0.25210945316979655,0.029567363765924906,0.904381205195525,-1.4649473670036048,1.3263977778673246,0.5496296810467004,1.5730813809102668,1.238016440358426,-0.6644927203580512,-1.3440091584837952,0.20114325040082462,1.0673218074947128,-1.5902870818553523,1.2233386264862987,0.9697733793913708,-1.1358256942649858,-1.1380166814300725,-0.251577302713314,1.4770978917519937,-0.6214005261193343,-1.043816190143634,0.0,-0.21747559547610945,-1.2566347145807593,0.7236480893416781,0.0,-0.7924058156930616,-1.239413205383021,0.9580230786249767,-1.668467495573044,-0.3560489038780054,0.6416409104829942,0.0,-0.5769599175029536,-0.6881567339765676
79,0.14112829366767782,1.27997358470872,-1.520376318329209,1.3895334977032963,-0.7967625760785492,0.904381205195525,-0.016049753329156705,0.5350946057274278,-1.226358239780463,-1.3323459716944475,-1.203142737813118,1.4028179652003303,1.4539281231181573,1.7957724716860755,0.8330806181867851,1.4587259945357607,1.6932080577841861,-0.8049752887758436,0.09685335377453375,-1.1380166814300725,-0.251577302713314,-0.6770032003863303,1.60926802918084,-1.043816190143634,0.0,-0.05378428705323145,-1.2566347145807593,0.7236480893416781,0.0,-0.7924058156930616,-1.239413205383021,0.9580230786249767,0.5993524013223553,-0.3560489038780054,0.5099257675685966,0.0,0.9838978303311247,-1.5857524739460034
80,-0.7627749769530979,1.2250053939543577,1.3814697088248642,-0.25210945316979655,-0.745485499328839,0.904381205195525,-1.5018358150395985,-1.8272998464600574,1.2269391538284131,0.7014531751288526,0.017436851272653823,-1.3535962822108452,0.054959482317181174,1.228658468528596,-0.9302678356766726,-0.5508153226759932,-0.6561390987052513,-0.8049752887758436,-1.1358256942649858,-1.1380166814300725,-0.8385910090443801,-0.6770032003863303,-0.6214005261193343,-1.043816190143634,0.0,1.4194374887526706,-1.2566347145807593,-0.6603783110385808,0.0,-0.7924058156930616,-1.07754954050091,-1.0438161901436347,0.5993524013223553,0.9112438048403207,0.6416409104829942,0.0,-0.5769599175029536,1.25663403595721
81,0.738045547851209,1.0051326309369089,-0.6826295459410765,-1.0729309286063429,-1.412634614669322,0.904381205195525,-0.3824571950454645,-0.6123476771758313,0.17995710507851337,-1.0418032364339762,0.017436851272653823,0.7137144033475366,-1.3440091584837952,-1.5698466105126365,-1.5904736294382325,-1.4830471007735093,-1.2434758878276109,-0.8049752887758436,-1.1358256942649858,-1.1380166814300725,-0.8385910090443801,-0.6770032003863303,-0.6214005261193343,0.958023078624979,0.0,-0.05378428705323145,-1.2566347145807593,1.00045336941773,0.0,1.2619796324000623,-1.239413205383021,0.9580230786249767,0.5993524013223553,0.9112438048403207,0.6416409104829942,0.0,-0.7720671359822134,0.50863758598268
82,-0.5922271900435176,0.29054615113020016,0.30967875888317653,1.3895334977032963,-1.4794133565893655,0.904381205195525,0.8742756462071156,0.9349232249012154,-0.9666632551628117,-0.31544639828279747,0.017436851272653823,0.024610841494742703,-1.3440091584837952,-0.3416353992234711,-1.1768848649288444,-0.2941701949373952,-0.06880230958289199,1.8571477134749779,-1.1358256942649858,0.8787217413573977,-0.8385910090443801,-0.6770032003863303,-0.6214005261193343,0.958023078624979,0.0,-0.21747559547610945,1.1048264940273784,-0.6603783110385808,0.0,-0.7924058156930616,0.8648144380844214,0.9580230786249767,-1.668467495573044,-1.6233416125963316,0.5099257675685966,0.0,0.9838978303311247,1.25663403595721
83,0.6527716543964188,-0.03926299339597306,0.501854602700589,1.3895334977032963,0.6772938045106376,0.904381205195525,-0.28420132884820964,-0.25094023637159074,-0.811111966556198,-0.4607177659130332,-1.203142737813118,-0.6644927203580512,0.7544438027176693,0.7954891756379263,-0.9324151557683669,-0.8049426748146207,0.28359976389052366,1.8571477134749779,-1.1358256942649858,-1.1380166814300725,-0.251577302713314,1.4770978917519937,1.60926802918084,0.958023078624979,0.0,1.4194374887526706,-1.2566347145807593,-1.4907941512667362,0.0,-0.7924058156930616,-1.07754954050091,-1.0438161901436347,0.5993524013223553,-0.7784798067841141,0.5099257675685966,0.0,-0.7720671359822134,0.50863758598268
84,0.6186620970145027,-0.36907213792214627,0.3071294169665512,-0.25210945316979655,-1.5543988624231153,0.904381205195525,-0.6351029943492562,1.4295817848108094,1.282158994863661,0.2656390722381454,0.017436851272653823,1.4028179652003303,-1.3440091584837952,-0.06911286159658046,0.4992249640733767,-0.5931418841226984,0.9884039108373549,-0.8049752887758436,0.09685335377453375,0.8787217413573977,1.5094638162798841,-0.6770032003863303,-0.6214005261193343,-1.043816190143634,0.0,1.4194374887526706,1.1048264940273784,1.00045336941773,0.0,1.2619796324000623,0.8648144380844214,0.9580230786249767,0.5993524013223553,0.9112438048403207,0.6416409104829942,0.0,0.9838978303311247,-1.5857524739460034
85,-0.0805838293147766,-0.2591357564134219,0.5629466638110431,-1.0729309286063429,-0.35326297509750326,-1.4117170032320392,0.12857773335837452,0.24985216494273996,1.6185032776547161,-1.7681600745851547,-1.203142737813118,0.7137144033475366,0.054959482317181174,-0.6136872444615652,1.0127467020808465,-1.3357875310736103,-1.2434758878276109,-0.8049752887758436,-1.1358256942649858,-1.1380166814300725,1.5094638162798841,-0.6770032003863303,-0.6214005261193343,0.958023078624979,0.0,1.4194374887526706,-1.2566347145807593,1.00045336941773,0.0,1.2619796324000623,-1.239413205383021,-1.0438161901436347,0.5993524013223553,0.9112438048403207,-1.7292316619761623,0.0,-0.7720671359822134,1.25663403595721
86,-0.805411923680493,-0.9737222362201305,0.24055857435756664,-1.0729309286063429,0.7047712659106009,0.5183648371242643,-0.5496451611440807,-0.8806938309008456,0.15783451186041716,0.8467245427590883,1.238016440358426,-1.3535962822108452,1.4539281231181573,-1.2267814881317003,1.5409393547037544,-1.00623692363215,0.28359976389052366,-0.8049752887758436,-1.1358256942649858,0.8787217413573977,-0.8385910090443801,-0.6770032003863303,-0.6214005261193343,0.958023078624979,0.0,1.4194374887526706,1.1048264940273784,-1.4907941512667362,0.0,-0.7924058156930616,0.8648144380844214,-1.0438161901436347,-1.668467495573044,0.9112438048403207,-1.7292316619761623,0.0,-0.7720671359822134,-1.5857524739460034
87,-1.1465074974996536,1.060100821691271,1.2188762136032316,1.3895334977032963,-0.22861134987488174,-1.4117170032320392,1.146312772539703,-1.3647028379420931,-0.9014507023084237,-0.8965318688037404,-1.203142737813118,0.7137144033475366,-0.644524838083307,0.2020358948422993,-0.5045624986927291,-0.7651938360059806,0.6360018373639393,0.9697733793913708,-1.1358256942649858,-1.1380166814300725,1.5094638162798841,-0.6770032003863303,-0.6214005261193343,-1.043816190143634,0.0,-0.5448582123218655,1.1048264940273784,-1.4907941512667362,0.0,-0.7924058156930616,0.8648144380844214,-1.0438161901436347,0.5993524013223553,0.9112438048403207,0.6416409104829942,0.0,0.9838978303311247,-0.6881567339765676
88,1.198524572507076,-0.8088176639570439,-1.3490904886207697,-1.0729309286063429,1.3944433888809207,0.5183648371242643,-0.7395514571555817,1.6885578372488335,0.6233909122203527,1.5730813809102668,1.238016440358426,-1.3535962822108452,-0.644524838083307,-0.9549594187638766,-0.23092310832560348,-0.6051062589125112,-1.2434758878276109,0.08239904530776351,-1.1358256942649858,0.8787217413573977,-0.251577302713314,1.4770978917519937,-0.6214005261193343,-1.043816190143634,0.0,1.4194374887526706,-1.2566347145807593,0.7236480893416781,0.0,-0.7924058156930616,-1.239413205383021,0.9580230786249767,0.5993524013223553,0.9112438048403207,0.6416409104829942,0.0,0.9838978303311247,-1.5857524739460034
89,0.6271894863599817,-0.6988812824483195,-1.0760152720244245,-1.0729309286063429,-1.8432465567636596,0.5183648371242643,1.043819227486437,-1.0368621856840192,0.1716972334592242,1.2825386456497956,1.238016440358426,0.7137144033475366,-0.644524838083307,0.49450924462330464,0.5486823247831503,1.6247911477135142,0.8709365530128831,0.08239904530776351,1.3295324018140535,-1.1380166814300725,1.5094638162798841,1.4770978917519937,-0.6214005261193343,0.958023078624979,0.0,-0.5448582123218655,-1.2566347145807593,-0.6603783110385808,0.0,-0.7924058156930616,0.8648144380844214,0.9580230786249767,0.5993524013223553,-1.6233416125963316,0.5099257675685966,0.0,0.9838978303311247,-0.6881567339765676
90,-1.1550348868451328,-1.1386268084832172,-0.8171303682651984,-0.25210945316979655,1.5839892398656243,0.5183648371242643,1.6263847178981887,-1.65400941904403,-0.17608379465084675,-1.622888706954919,1.238016440358426,0.7137144033475366,1.4539281231181573,-1.59313822456238,1.4307193170857737,-1.5027288332696682,-0.7736064565297233,-0.8049752887758436,0.09685335377453375,-1.1380166814300725,-0.8385910090443801,1.4770978917519937,-0.6214005261193343,0.958023078624979,0.0,1.4194374887526706,-1.2566347145807593,-0.6603783110385808,0.0,-0.7924058156930616,0.8648144380844214,-1.0438161901436347,0.5993524013223553,-0.3560489038780054,0.5099257675685966,0.0,-0.5769599175029536,0.50863758598268
91,-1.3085278950637549,-0.5889449009395952,1.4296307705750864,-0.25210945316979655,-1.6101744616144127,0.5183648371242643,1.246620695260356,0.0029556406698722235,-0.6088895152336007,1.2825386456497956,1.238016440358426,0.7137144033475366,1.4539281231181573,1.0994561929660638,-1.1932695932753692,0.24531032860050966,-0.5386717408807795,-0.8049752887758436,0.09685335377453375,0.8787217413573977,1.5094638162798841,-0.6770032003863303,-0.6214005261193343,0.958023078624979,0.0,-1.6906973712820115,1.1048264940273784,-1.4907941512667362,0.0,1.2619796324000623,-1.239413205383021,-1.0438161901436347,-1.668467495573044,-1.6233416125963316,0.5099257675685966,0.0,-0.7720671359822134,-1.5857524739460034
92,0.08996395759480372,0.4004825326389246,-1.0960260703217903,-1.0729309286063429,-1.5469823794788773,-1.4117170032320392,-0.8072571800814212,0.479287938222983,-0.5114461346619864,-0.31544639828279747,-1.203142737813118,0.7137144033475366,-1.3440091584837952,0.900143729059904,-0.14391866053376304,1.4302939707537805,-1.2434758878276109,-0.8049752887758436,1.3295324018140535,0.8787217413573977,-0.8385910090443801,-0.6770032003863303,-0.6214005261193343,-1.043816190143634,0.0,-1.6906973712820115,-0.0759041102766904,-0.6603783110385808,0.0,-0.7924058156930616,0.8648144380844214,-1.0438161901436347,-1.668467495573044,0.9112438048403207,0.6416409104829942,0.0,-1.5524960098992526,-0.6881567339765676
93,-0.6433915261163917,1.4448781569718065,1.1807858202977504,-0.25210945316979655,-1.7518171276805954,0.904381205195525,-0.38449710922257013,-0.19603671115986784,-1.109391526290529,1.5730813809102668,-1.203142737813118,1.4028179652003303,-0.644524838083307,0.3505978319108868,1.0540050775395025,1.5719850534974917,-0.18626966740736386,0.9697733793913708,-1.1358256942649858,-1.1380166814300725,-0.8385910090443801,1.4770978917519937,-0.6214005261193343,0.958023078624979,0.0,-1.6906973712820115,-1.2566347145807593,0.7236480893416781,0.0,1.2619796324000623,0.8648144380844214,-1.0438161901436347,0.5993524013223553,-0.3560489038780054,-1.7292316619761623,0.0,-1.5524960098992526,0.50863758598268
94,-0.8309940917169301,0.4554507233932868,1.6342384956064036,-1.0729309286063429,1.082403987628682,0.5183648371242643,0.8656667226858782,0.19603993666805608,0.04254287723033885,0.7014531751288526,-1.203142737813118,-1.3535962822108452,-1.3440091584837952,-1.3209951652666936,-0.5051535170107286,-1.1222805554513051,1.6932080577841861,-0.8049752887758436,0.09685335377453375,-1.1380166814300725,-0.8385910090443801,-0.6770032003863303,-0.6214005261193343,0.958023078624979,0.0,-0.05378428705323145,-1.2566347145807593,1.00045336941773,0.0,-0.7924058156930616,0.8648144380844214,0.9580230786249767,-1.668467495573044,-0.7784798067841141,-1.7292316619761623,0.0,0.9838978303311247,-0.6881567339765676
95,1.215579351198034,-1.5234041437637527,0.6708598464173485,-0.25210945316979655,-0.15326109897830015,0.5183648371242643,-1.1367518890691508,-0.20965910740842417,-0.24741904954470784,0.5561818074986169,-1.203142737813118,-0.6644927203580512,-1.3440091584837952,1.7219587140879977,0.7385783224408885,1.2625068224377956,-1.4784106034765545,-0.8049752887758436,-1.1358256942649858,0.8787217413573977,1.5094638162798841,1.4770978917519937,-0.6214005261193343,0.958023078624979,0.0,-0.05378428705323145,-1.2566347145807593,-0.6603783110385808,0.0,-0.7924058156930616,-1.07754954050091,-1.0438161901436347,0.5993524013223553,0.9112438048403207,0.5099257675685966,0.0,0.9838978303311247,-1.5857524739460034
96,-0.9503775425536363,-1.4134677622550282,0.16605943196269168,-1.0729309286063429,0.7019140962517549,0.904381205195525,-0.48459861205625393,0.2846984050702625,-0.8439781690133696,-0.024903663022326036,1.238016440358426,0.024610841494742703,0.054959482317181174,-1.5923159054630183,-0.49682698889145815,0.6540193529491543,-1.3609432456520827,-0.8049752887758436,0.09685335377453375,0.8787217413573977,1.5094638162798841,-0.6770032003863303,-0.6214005261193343,0.958023078624979,0.0,1.4194374887526706,-1.2566347145807593,-1.4907941512667362,0.0,1.2619796324000623,0.8648144380844214,0.9580230786249767,0.5993524013223553,-1.6233416125963316,0.5099257675685966,0.0,-0.5769599175029536,-0.6881567339765676
97,-0.21702205884244088,-0.4790085194308707,1.8159443764620131,1.3895334977032963,-1.2543960482443113,0.5183648371242643,-0.9353832181577229,1.1237928568666966,-1.2099540192218747,1.4278100132800313,1.238016440358426,0.7137144033475366,1.4539281231181573,0.7191040171643686,-1.4442642004230075,-0.6952633104133924,1.3408059843107705,-0.8049752887758436,0.09685335377453375,-1.1380166814300725,-0.251577302713314,-0.6770032003863303,1.60926802918084,-1.043816190143634,0.0,-0.05378428705323145,-1.2566347145807593,0.7236480893416781,0.0,-0.7924058156930616,-1.239413205383021,0.9580230786249767,0.5993524013223553,0.488812901934212,-1.7292316619761623,0.0,-1.5524960098992526,-0.6881567339765676
98,-0.40462462444297925,0.8951962494281844,1.5970081212607479,-1.0729309286063429,1.3841697362778373,-1.4117170032320392,-0.9873160332498706,1.0386716957776514,0.4614858762142858,-0.8965318688037404,1.238016440358426,0.024610841494742703,-1.3440091584837952,-0.5723805058921063,1.6084910757577562,-0.2953618893540218,0.8709365530128831,0.08239904530776351,1.3295324018140535,-1.1380166814300725,-0.8385910090443801,-0.6770032003863303,-0.6214005261193343,0.958023078624979,0.0,-0.5448582123218655,-1.2566347145807593,-1.4907941512667362,0.0,1.2619796324000623,0.8648144380844214,-1.0438161901436347,0.5993524013223553,0.9112438048403207,0.6416409104829942,0.0,-1.5524960098992526,1.25663403595721
99,-0.779829755644056,-0.9187540454657683,1.8918679252590989,-0.25210945316979655,-0.8770064899014514,-1.4117170032320392,-1.792535727623444,1.2710426815092408,-0.6076765270937051,-1.622888706954919,1.238016440358426,1.4028179652003303,0.054959482317181174,-1.3759241314906077,0.162157041766973,-0.8901155582910704,-1.2434758878276109,0.9697733793913708,0.09685335377453375,0.8787217413573977,-0.251577302713314,-0.6770032003863303,1.60926802918084,-1.043816190143634,0.0,-1.6906973712820115,1.1048264940273784,1.00045336941773,0.0,-0.7924058156930616,0.8648144380844214,0.9580230786249767,-1.668467495573044,0.488812901934212,-1.7292316619761623,0.0,-0.7720671359822134,0.50863758598268
100,-1.300000505718276,0.8402280586738222,-1.2498043712052127,-0.25210945316979655,1.015716431974346,0.904381205195525,-0.03381400595478496,-0.8036256885885712,1.7207408494459178,1.1372672780195598,-1.203142737813118,-0.6644927203580512,-0.644524838083307,-0.19779291927213447,1.1582229338430814,0.6048555353663703,0.9884039108373549,-0.8049752887758436,1.3295324018140535,0.8787217413573977,-0.251577302713314,1.4770978917519937,-0.6214005261193343,0.958023078624979,0.0,-0.21747559547610945,1.1048264940273784,0.7236480893416781,0.0,-0.7924058156930616,0.8648144380844214,-1.0438161901436347,-1.668467495573044,0.488812901934212,-1.7292316619761623,0.0,-1.5524960098992526,1.25663403595721
101,-1.385274399173066,0.015705197358389145,-0.5229654903013491,1.3895334977032963,-0.4780361820077351,-1.4117170032320392,-1.3690471159870552,0.42965274305213824,-1.1662286848456376,0.12036770460790969,1.238016440358426,-0.6644927203580512,0.054959482317181174,-0.509174734304846,-0.39623469543013656,0.5693181406735366,1.5757406999597143,1.8571477134749779,0.09685335377453375,0.8787217413573977,-0.251577302713314,-0.6770032003863303,-0.6214005261193343,-1.043816190143634,0.0,-0.5448582123218655,-1.2566347145807593,-0.6603783110385808,0.0,1.2619796324000623,0.8648144380844214,-1.0438161901436347,-1.668467495573044,0.9112438048403207,0.6416409104829942,0.0,-0.7720671359822134,-0.6881567339765676
102,-0.31935073098818906,0.8402280586738222,-0.7695759270312815,-1.0729309286063429,-0.6897402955594438,0.904381205195525,1.132009088607379,-0.4646839123157896,-1.5848828771296095,0.991995910389324,0.017436851272653823,0.024610841494742703,-0.644524838083307,-0.8834670937460463,1.3525411145523616,0.45029823722678697,-0.18626966740736386,0.08239904530776351,1.3295324018140535,0.8787217413573977,1.5094638162798841,-0.6770032003863303,-0.6214005261193343,-1.043816190143634,0.0,-0.21747559547610945,1.1048264940273784,1.00045336941773,0.0,1.2619796324000623,0.8648144380844214,-1.0438161901436347,-1.668467495573044,0.488812901934212,0.5099257675685966,0.0,0.9838978303311247,1.25663403595721
103,0.755100326542167,-0.14919937490469748,-1.0870496224286128,-0.25210945316979655,0.7569602053173893,-1.4117170032320392,1.6263725755518965,-0.9467361110561395,1.8540540221544453,-1.7681600745851547,-1.203142737813118,-1.3535962822108452,0.054959482317181174,1.2717706884059674,-0.5422601281765504,0.9701780555837595,-0.06880230958289199,0.9697733793913708,0.09685335377453375,0.8787217413573977,-0.8385910090443801,-0.6770032003863303,-0.6214005261193343,0.958023078624979,0.0,-0.5448582123218655,-1.2566347145807593,-1.4907941512667362,0.0,1.2619796324000623,0.8648144380844214,0.9580230786249767,0.5993524013223553,-0.7784798067841141,0.5099257675685966,0.0,0.9838978303311247,-0.6881567339765676
104,-1.385274399173066,-0.5889449009395952,-0.6486319214354788,1.3895334977032963,0.2555573256118632,-1.4117170032320392,0.3805678459623822,-0.7703223165444486,0.5744670572445629,-0.8965318688037404,-1.203142737813118,-0.6644927203580512,-0.644524838083307,-0.573392912302328,0.5414158660762353,1.6423193981488926,1.2233386264862987,0.08239904530776351,0.09685335377453375,0.8787217413573977,-0.251577302713314,-0.6770032003863303,1.60926802918084,-1.043816190143634,0.0,-0.5448582123218655,1.1048264940273784,-0.6603783110385808,0.0,-0.7924058156930616,0.8648144380844214,0.9580230786249767,0.5993524013223553,0.488812901934212,0.5099257675685966,0.0,-0.5769599175029536,0.50863758598268
105,0.3798951953410903,1.27997358470872,0.8671131015532189,-0.25210945316979655,-0.5454836232096366,0.5183648371242643,0.6785774510141896,-1.3980814718439425,-1.1436440009075812,0.12036770460790969,-1.203142737813118,0.024610841494742703,0.7544438027176693,0.906744563151308,-0.1334664179452723,-0.14012870482888903,1.6932080577841861,-0.8049752887758436,-1.1358256942649858,0.8787217413573977,-0.8385910090443801,-0.6770032003863303,-0.6214005261193343,-1.043816190143634,0.0,-0.21747559547610945,-1.2566347145807593,-1.4907941512667362,0.0,-0.7924058156930616,0.8648144380844214,0.9580230786249767,-1.668467495573044,0.9112438048403207,0.5099257675685966,0.0,-1.5524960098992526,-0.6881567339765676
106,1.2496889085799499,-0.36907213792214627,1.1510537362580724,-0.25210945316979655,-0.41533042662264136,-1.4117170032320392,-0.2746695870087577,-0.5403220793312543,0.8298877027025822,-0.4607177659130332,-1.203142737813118,0.7137144033475366,-1.3440091584837952,-1.237518984178488,-0.008098051150733719,1.3951254809107594,-0.06880230958289199,-0.8049752887758436,1.3295324018140535,0.8787217413573977,-0.8385910090443801,-0.6770032003863303,-0.6214005261193343,-1.043816190143634,0.0,-0.05378428705323145,1.1048264940273784,-1.4907941512667362,0.0,-0.7924058156930616,0.8648144380844214,0.9580230786249767,-1.668467495573044,-1.6233416125963316,-1.7292316619761623,0.0,-0.7720671359822134,1.25663403595721
107,1.6248940397810268,1.2250053939543577,1.3467310858404884,1.3895334977032963,-0.1254492879374084,-1.4117170032320392,0.3937301493432305,-1.0093539766848625,-0.6045574147339735,-1.0418032364339762,-1.203142737813118,0.024610841494742703,-1.3440091584837952,1.0392444705974786,0.3914993304178026,-0.5991596444852652,1.1058712686618268,0.08239904530776351,1.3295324018140535,-1.1380166814300725,1.5094638162798841,-0.6770032003863303,-0.6214005261193343,-1.043816190143634,0.0,-0.5448582123218655,1.1048264940273784,-1.4907941512667362,0.0,1.2619796324000623,-1.07754954050091,-1.0438161901436347,0.5993524013223553,-0.3560489038780054,0.5099257675685966,0.0,-0.5769599175029536,1.25663403595721
108,0.5248608142142336,-0.2591357564134219,0.7232173399670759,1.3895334977032963,-0.6681595460085878,0.904381205195525,1.5817980223128798,1.2689353494928894,-1.2139395516815317,-0.31544639828279747,1.238016440358426,-1.3535962822108452,-0.644524838083307,-0.7008802243240237,1.59026638472312,1.6598621412747991,0.0486650482415799,-0.8049752887758436,1.3295324018140535,0.8787217413573977,1.5094638162798841,-0.6770032003863303,-0.6214005261193343,-1.043816190143634,0.0,1.4194374887526706,-0.0759041102766904,-1.4907941512667362,0.0,-0.7924058156930616,0.8648144380844214,-1.0438161901436347,0.5993524013223553,-1.6233416125963316,0.5099257675685966,0.0,0.9838978303311247,1.25663403595721
109,1.6078392610900687,-0.4790085194308707,-0.1407139382514549,-1.0729309286063429,0.04187750963648359,0.904381205195525,1.0966020068190454,-0.05721621458272883,1.0436046606841902,-0.4607177659130332,1.238016440358426,-1.3535962822108452,0.054959482317181174,-0.5880895162229264,-0.5242103729883975,1.5007225178936159,1.5757406999597143,-0.8049752887758436,-1.1358256942649858,0.8787217413573977,-0.8385910090443801,-0.6770032003863303,-0.6214005261193343,-1.043816190143634,0.0,-0.21747559547610945,-0.0759041102766904,0.7236480893416781,0.0,1.2619796324000623,-1.07754954050091,0.9580230786249767,0.5993524013223553,-1.6233416125963316,0.5099257675685966,0.0,-0.7720671359822134,0.50863758598268
110,-0.25965900556983595,-1.4684359530093904,-1.2371613246217081,-1.0729309286063429,-1.1811734768809132,-1.4117170032320392,0.8918213365994826,0.31995858541528266,0.882912612818019,-1.4776173393246832,-1.203142737813118,-0.6644927203580512,0.054959482317181174,1.8264649576300733,0.4954579192516929,-0.8454273470469047,-0.8910738143541952,0.9697733793913708,-1.1358256942649858,-1.1380166814300725,-0.251577302713314,-0.6770032003863303,-0.6214005261193343,-1.043816190143634,0.0,-0.21747559547610945,1.1048264940273784,0.7236480893416781,0.0,-0.7924058156930616,-1.07754954050091,0.9580230786249767,0.5993524013223553,0.9112438048403207,0.5099257675685966,0.0,-0.5769599175029536,0.50863758598268
111,0.13260090432219881,0.015705197358389145,-0.6683394094746921,-1.0729309286063429,-1.6451899876462246,0.5183648371242643,1.5112631327009354,-0.4298376721882671,0.7653105245881395,-0.8965318688037404,0.017436851272653823,-0.6644927203580512,0.7544438027176693,-0.1983659663667785,0.33606487879392016,0.7170012921920593,-0.06880230958289199,0.08239904530776351,0.09685335377453375,-1.1380166814300725,1.5094638162798841,-0.6770032003863303,-0.6214005261193343,-1.043816190143634,0.0,-0.21747559547610945,1.1048264940273784,-0.6603783110385808,0.0,1.2619796324000623,-1.07754954050091,0.9580230786249767,0.5993524013223553,-0.3560489038780054,0.5099257675685966,0.0,-1.5524960098992526,-0.6881567339765676
112,0.8233194413059991,1.6097827292348932,-1.04788420542335,-1.0729309286063429,-0.2787637960141955,0.5183648371242643,-0.8481768870864569,1.0070617155323824,-0.49336683524354225,0.2656390722381454,0.017436851272653823,0.7137144033475366,0.054959482317181174,-0.8561070542114849,0.7150999803672418,1.0675998975913057,-1.5958779613010263,1.8571477134749779,1.3295324018140535,-1.1380166814300725,-0.8385910090443801,1.4770978917519937,1.60926802918084,0.958023078624979,0.0,1.4194374887526706,1.1048264940273784,1.00045336941773,0.0,-0.7924058156930616,0.8648144380844214,-1.0438161901436347,-1.668467495573044,-0.3560489038780054,0.6416409104829942,0.0,0.9838978303311247,-0.6881567339765676
113,-1.2317813909544437,0.29054615113020016,0.36304600683662747,-0.25210945316979655,-0.09514505230050178,-1.4117170032320392,0.4613994452301931,-0.9539988803267787,-0.7832710006785939,0.12036770460790969,1.238016440358426,-1.3535962822108452,0.7544438027176693,1.2577306864419298,1.2838045690401059,-0.8311230614954237,0.40106712171499553,1.8571477134749779,-1.1358256942649858,-1.1380166814300725,-0.251577302713314,-0.6770032003863303,-0.6214005261193343,0.958023078624979,0.0,-0.05378428705323145,-0.0759041102766904,-0.6603783110385808,0.0,-0.7924058156930616,0.8648144380844214,0.9580230786249767,-1.668467495573044,0.9112438048403207,0.6416409104829942,0.0,0.9838978303311247,0.50863758598268
114,0.2860939125408211,0.4554507233932868,1.192868318809226,-1.0729309286063429,1.2350801918455139,-1.4117170032320392,0.5874855691293892,0.19931382747917323,1.1788817189525487,1.2825386456497956,-1.203142737813118,-0.6644927203580512,-1.3440091584837952,1.2652791719255703,1.0360926225973945,-0.8348233088907755,-1.5958779613010263,-0.8049752887758436,0.09685335377453375,-1.1380166814300725,-0.8385910090443801,-0.6770032003863303,1.60926802918084,-1.043816190143634,0.0,-0.5448582123218655,-1.2566347145807593,0.7236480893416781,0.0,1.2619796324000623,0.8648144380844214,0.9580230786249767,0.5993524013223553,0.488812901934212,-1.7292316619761623,0.0,0.9838978303311247,-0.6881567339765676
115,0.72951815850573,0.07067338811275135,0.5491556454909858,-0.25210945316979655,1.0823128013629741,0.5183648371242643,0.7011743574641516,-0.18651608615742377,0.1754517205589011,-1.3323459716944475,-1.203142737813118,-1.3535962822108452,-1.3440091584837952,-0.3023144812055612,1.5206677051785935,-1.2057696517918246,-0.42120438305630764,-0.8049752887758436,1.3295324018140535,0.8787217413573977,1.5094638162798841,-0.6770032003863303,-0.6214005261193343,-1.043816190143634,0.0,-0.05378428705323145,-0.0759041102766904,-0.6603783110385808,0.0,1.2619796324000623,-1.07754954050091,-1.0438161901436347,0.5993524013223553,0.9112438048403207,0.6416409104829942,0.0,-0.7720671359822134,0.50863758598268
116,0.8147920519605201,-1.633340525272477,-0.11362334101695491,1.3895334977032963,1.211888484933819,-1.4117170032320392,0.3653656284044283,-1.8133011409228668,0.886955906617671,1.4278100132800313,-1.203142737813118,-0.6644927203580512,1.4539281231181573,-0.5743217638506333,-1.208364256873524,0.6113074176861274,-0.30373702523183577,-0.8049752887758436,1.3295324018140535,0.8787217413573977,-0.8385910090443801,-0.6770032003863303,-0.6214005261193343,-1.043816190143634,0.0,-1.6906973712820115,-1.2566347145807593,1.00045336941773,0.0,1.2619796324000623,0.8648144380844214,0.9580230786249767,0.5993524013223553,0.9112438048403207,0.6416409104829942,0.0,0.9838978303311247,1.25663403595721
117,-0.19143989080600382,0.23557796037583797,0.42023342829466,-0.25210945316979655,0.6030681842244531,0.5183648371242643,0.8087312609213048,1.111675697772677,-0.07708085789936667,0.7014531751288526,-1.203142737813118,0.7137144033475366,1.4539281231181573,-0.6968187617443654,0.36334929520081694,0.19094363511804796,1.2233386264862987,1.8571477134749779,1.3295324018140535,0.8787217413573977,-0.8385910090443801,-0.6770032003863303,1.60926802918084,-1.043816190143634,0.0,1.4194374887526706,-1.2566347145807593,1.00045336941773,0.0,-0.7924058156930616,-1.07754954050091,-1.0438161901436347,0.5993524013223553,0.9112438048403207,0.5099257675685966,0.0,-1.5524960098992526,0.50863758598268
118,-0.8651036490988461,0.12564157886711355,0.5257930768725146,-0.25210945316979655,0.9934669831416323,-1.4117170032320392,0.928576218826261,-0.8082542928387713,-0.8693353972711875,1.4278100132800313,1.238016440358426,-1.3535962822108452,1.4539281231181573,-0.04389043394604999,1.2412407958106793,-1.3667570932153723,-1.2434758878276109,0.9697733793913708,1.3295324018140535,-1.1380166814300725,1.5094638162798841,-0.6770032003863303,1.60926802918084,0.958023078624979,0.0,-0.5448582123218655,-0.0759041102766904,-1.4907941512667362,0.0,-0.7924058156930616,0.8648144380844214,0.9580230786249767,-1.668467495573044,-0.7784798067841141,0.5099257675685966,0.0,-0.7720671359822134,-0.6881567339765676
119,-0.6519189154618708,-0.6439130916939573,1.2695290267147337,1.3895334977032963,-0.6029917614493825,0.904381205195525,0.542352467960927,-0.6080577512854018,-0.8297111180345974,-1.622888706954919,0.017436851272653823,-1.3535962822108452,-0.644524838083307,1.332934936200401,-1.5160959255935607,-1.5470217893176061,0.7534691951884112,-0.8049752887758436,1.3295324018140535,0.8787217413573977,-0.8385910090443801,1.4770978917519937,-0.6214005261193343,0.958023078624979,0.0,-0.21747559547610945,-0.0759041102766904,1.00045336941773,0.0,-0.7924058156930616,-1.07754954050091,-1.0438161901436347,0.5993524013223553,0.488812901934212,-1.7292316619761623,0.0,-1.5524960098992526,-0.6881567339765676
120,1.2923258553073451,0.23557796037583797,-0.8925317626938187,1.3895334977032963,-0.43718473497062127,0.5183648371242643,1.3893782606188736,1.7027070665014776,-0.7545636147010644,0.991995910389324,0.017436851272653823,0.024610841494742703,0.054959482317181174,1.3494739248262582,0.27160067088701506,-0.37551107928641714,0.5185344795394674,1.8571477134749779,-1.1358256942649858,0.8787217413573977,1.5094638162798841,1.4770978917519937,1.60926802918084,-1.043816190143634,0.0,-0.21747559547610945,1.1048264940273784,-1.4907941512667362,0.0,-0.7924058156930616,-1.239413205383021,0.9580230786249767,0.5993524013223553,0.9112438048403207,0.5099257675685966,0.0,0.9838978303311247,0.50863758598268
121,1.0109220069065374,1.2250053939543577,-0.7944128138665962,-0.25210945316979655,-1.5518456469832957,0.5183648371242643,0.06733173866003622,-0.04897504116164088,-1.1554850756065622,1.4278100132800313,-1.203142737813118,1.4028179652003303,-0.644524838083307,1.6350240580069644,-0.49959529639039035,-1.023795476965906,-1.2434758878276109,-0.8049752887758436,1.3295324018140535,0.8787217413573977,-0.251577302713314,-0.6770032003863303,-0.6214005261193343,0.958023078624979,0.0,1.4194374887526706,-0.0759041102766904,0.7236480893416781,0.0,1.2619796324000623,0.8648144380844214,0.9580230786249767,0.5993524013223553,0.9112438048403207,-1.7292316619761623,0.0,-0.7720671359822134,-0.6881567339765676
122,-1.325582673754713,0.12564157886711355,-0.8319004260261282,-0.25210945316979655,0.8643776263212289,0.904381205195525,-0.28176071724345825,1.6124680990870077,-0.5234027320409574,1.2825386456497956,1.238016440358426,1.4028179652003303,1.4539281231181573,-0.8538183472854884,-1.0828279237881386,0.872511814113212,-0.42120438305630764,-0.8049752887758436,1.3295324018140535,0.8787217413573977,-0.8385910090443801,1.4770978917519937,-0.6214005261193343,0.958023078624979,0.0,-0.5448582123218655,1.1048264940273784,1.00045336941773,0.0,1.2619796324000623,0.8648144380844214,0.9580230786249767,0.5993524013223553,0.488812901934212,0.6416409104829942,0.0,0.9838978303311247,0.50863758598268
123,-0.8395214810624091,-0.6988812824483195,0.5602744620430141,-1.0729309286063429,0.024400142042480324,-1.4117170032320392,-1.3070725805111791,0.3607505123032248,-0.6445860233505287,0.12036770460790969,-1.203142737813118,0.7137144033475366,-0.644524838083307,-0.9634611259638813,0.34324770283319345,-1.1547744851331854,0.8709365530128831,-0.8049752887758436,1.3295324018140535,-1.1380166814300725,1.5094638162798841,-0.6770032003863303,-0.6214005261193343,0.958023078624979,0.0,1.4194374887526706,-0.0759041102766904,1.00045336941773,0.0,-0.7924058156930616,-1.07754954050091,0.9580230786249767,0.5993524013223553,0.9112438048403207,0.5099257675685966,0.0,0.9838978303311247,1.25663403595721
124,-0.15733033342408775,-0.2041675656590597,-0.11776218226111462,1.3895334977032963,-0.707643199060084,-1.4117170032320392,-0.9597529071663599,-1.4753001378716708,1.6278606147339107,1.2825386456497956,-1.203142737813118,-0.6644927203580512,1.4539281231181573,-0.4191534223665136,1.0988890158404159,1.2787807963838114,0.7534691951884112,-0.8049752887758436,-1.1358256942649858,-1.1380166814300725,1.5094638162798841,-0.6770032003863303,-0.6214005261193343,-1.043816190143634,0.0,-0.05378428705323145,-0.0759041102766904,-0.6603783110385808,0.0,1.2619796324000623,-1.07754954050091,0.9580230786249767,-1.668467495573044,0.9112438048403207,-1.7292316619761623,0.0,0.9838978303311247,1.25663403595721
125,-1.1294527188086956,0.12564157886711355,0.21860889403023723,1.3895334977032963,-1.1773740491430864,0.5183648371242643,-0.35568332147095305,1.305399719561539,1.201119834850635,1.1372672780195598,-1.203142737813118,0.7137144033475366,1.4539281231181573,-0.8948089699606966,-0.8738046776407999,-1.1714865335883533,-1.008541172178667,0.08239904530776351,-1.1358256942649858,0.8787217413573977,1.5094638162798841,1.4770978917519937,-0.6214005261193343,0.958023078624979,0.0,-0.05378428705323145,-0.0759041102766904,1.00045336941773,0.0,-0.7924058156930616,0.8648144380844214,-1.0438161901436347,0.5993524013223553,-0.7784798067841141,0.6416409104829942,0.0,0.9838978303311247,0.50863758598268
126,-1.334110063100192,-0.533976710185233,-1.2823161593828978,-0.25210945316979655,-1.0978292300239452,-1.4117170032320392,-1.3770732068862626,1.0030728370728605,1.8039171790387598,0.7014531751288526,-1.203142737813118,-1.3535962822108452,1.4539281231181573,0.709112944550702,-0.8068983374387646,-0.8395222344152626,0.28359976389052366,-0.8049752887758436,-1.1358256942649858,-1.1380166814300725,-0.8385910090443801,-0.6770032003863303,-0.6214005261193343,0.958023078624979,0.0,1.4194374887526706,-1.2566347145807593,0.7236480893416781,0.0,1.2619796324000623,0.8648144380844214,-1.0438161901436347,-1.668467495573044,0.9112438048403207,-1.7292316619761623,0.0,0.9838978303311247,1.25663403595721
127,1.5481475356717156,1.6097827292348932,-1.2699917805389713,-1.0729309286063429,-1.0218406752674092,0.904381205195525,0.5277452253712955,1.4906567823561323,-0.39806062425174404,-1.4776173393246832,1.238016440358426,0.024610841494742703,0.054959482317181174,0.30084648196373254,-0.12131290682584196,-1.2057419839280885,1.2233386264862987,0.08239904530776351,-1.1358256942649858,-1.1380166814300725,-0.251577302713314,-0.6770032003863303,1.60926802918084,-1.043816190143634,0.0,-1.6906973712820115,-1.2566347145807593,1.00045336941773,0.0,1.2619796324000623,-1.239413205383021,0.9580230786249767,0.5993524013223553,-0.7784798067841141,-1.7292316619761623,0.0,0.9838978303311247,1.25663403595721
128,0.8403742199969572,0.4554507233932868,0.9400534595834104,-0.25210945316979655,-1.6758285729240596,0.5183648371242643,-1.3555933962951918,1.2101558386082347,-1.437822505502265,1.2825386456497956,0.017436851272653823,0.024610841494742703,0.7544438027176693,-0.05763590502183192,0.887997928782418,-0.06311915867186225,-0.7736064565297233,0.08239904530776351,-1.1358256942649858,0.8787217413573977,-0.8385910090443801,-0.6770032003863303,-0.6214005261193343,-1.043816190143634,0.0,-0.21747559547610945,-1.2566347145807593,1.00045336941773,0.0,-0.7924058156930616,-1.07754954050091,-1.0438161901436347,0.5993524013223553,-1.6233416125963316,-1.7292316619761623,0.0,0.9838978303311247,-0.6881567339765676
129,0.9597576708336634,-1.633340525272477,1.451476787902794,1.3895334977032963,1.398698747947287,0.5183648371242643,0.056087925993370626,0.05277899048503407,0.29201410466887007,-1.0418032364339762,-1.203142737813118,-1.3535962822108452,0.054959482317181174,-1.4302981541732926,-1.024963188113708,-0.9664577819251325,-0.42120438305630764,-0.8049752887758436,-1.1358256942649858,0.8787217413573977,-0.8385910090443801,-0.6770032003863303,-0.6214005261193343,0.958023078624979,0.0,-1.6906973712820115,1.1048264940273784,1.00045336941773,0.0,1.2619796324000623,0.8648144380844214,0.9580230786249767,0.5993524013223553,0.9112438048403207,0.5099257675685966,0.0,-1.5524960098992526,-0.6881567339765676
130,-0.5325354646251644,1.4448781569718065,1.7881511744522987,-0.25210945316979655,0.9195757124963763,0.5183648371242643,-0.2640086069641223,1.2195259398952252,0.40349349085927644,-0.17017503065256176,0.017436851272653823,-1.3535962822108452,0.054959482317181174,-0.5320179372623041,-1.0196468110739665,-0.12083695745967454,0.6360018373639393,-0.8049752887758436,-1.1358256942649858,0.8787217413573977,-0.8385910090443801,-0.6770032003863303,1.60926802918084,0.958023078624979,0.0,-0.5448582123218655,-0.0759041102766904,-1.4907941512667362,0.0,1.2619796324000623,0.8648144380844214,0.9580230786249767,-1.668467495573044,0.488812901934212,0.5099257675685966,0.0,0.9838978303311247,-0.6881567339765676
131,-0.5154806859342065,-1.5234041437637527,1.2150560400986499,-0.25210945316979655,1.2134690468727547,0.5183648371242643,1.1337575864734697,0.2712641634660233,0.18844802205778266,1.4278100132800313,1.238016440358426,0.024610841494742703,-0.644524838083307,-1.6174972519731066,-1.3647311162738036,0.1634766927735237,1.1058712686618268,0.08239904530776351,1.3295324018140535,-1.1380166814300725,1.5094638162798841,-0.6770032003863303,-0.6214005261193343,0.958023078624979,0.0,-0.21747559547610945,1.1048264940273784,0.7236480893416781,0.0,-0.7924058156930616,0.8648144380844214,0.9580230786249767,0.5993524013223553,-0.7784798067841141,0.6416409104829942,0.0,-0.5769599175029536,-0.6881567339765676
132,1.2496889085799499,-1.1386268084832172,1.838596661564557,-0.25210945316979655,0.5639188808138854,0.5183648371242643,1.6987045324151004,-0.12815051549026665,-0.534377386640013,1.4278100132800313,-1.203142737813118,-0.6644927203580512,-0.644524838083307,-0.8334490645312752,0.9806393531732925,1.4280588026191128,-0.5386717408807795,1.8571477134749779,-1.1358256942649858,0.8787217413573977,-0.8385910090443801,-0.6770032003863303,1.60926802918084,0.958023078624979,0.0,-0.5448582123218655,-0.0759041102766904,-1.4907941512667362,0.0,1.2619796324000623,-1.239413205383021,0.9580230786249767,0.5993524013223553,-1.6233416125963316,0.5099257675685966,0.0,-0.5769599175029536,0.50863758598268
133,-0.06352905062381857,1.1700372031999955,-1.325363179818444,-1.0729309286063429,0.6403937623208634,0.5183648371242643,-0.13583399950265143,-1.075810197057654,-0.5098865784821206,0.12036770460790969,0.017436851272653823,-1.3535962822108452,0.7544438027176693,-1.1453196755061983,-1.5707058787856112,0.1538469586760958,0.40106712171499553,1.8571477134749779,-1.1358256942649858,-1.1380166814300725,1.5094638162798841,-0.6770032003863303,-0.6214005261193343,0.958023078624979,0.0,-0.5448582123218655,-0.0759041102766904,0.7236480893416781,0.0,-0.7924058156930616,0.8648144380844214,0.9580230786249767,0.5993524013223553,-1.6233416125963316,0.5099257675685966,0.0,0.9838978303311247,-0.6881567339765676
134,-1.2232540016089648,-1.4684359530093904,-0.7038343884192715,-0.25210945316979655,-0.3821690213268895,0.904381205195525,1.6153230404259076,-1.2106794461041344,-1.101767029411185,1.1372672780195598,1.238016440358426,-0.6644927203580512,0.054959482317181174,-0.018139521793897315,-0.35973792038253366,1.5530872438071843,-0.30373702523183577,-0.8049752887758436,0.09685335377453375,0.8787217413573977,-0.8385910090443801,-0.6770032003863303,-0.6214005261193343,-1.043816190143634,0.0,-0.21747559547610945,1.1048264940273784,-0.6603783110385808,0.0,-0.7924058156930616,0.8648144380844214,-1.0438161901436347,0.5993524013223553,-0.7784798067841141,0.6416409104829942,0.0,0.9838978303311247,0.50863758598268
135,-1.6069865221555206,-0.9187540454657683,-1.5405598882926113,-1.0729309286063429,-1.510447082351935,-1.4117170032320392,-0.3273795122636123,-1.4828263236443537,-0.902086077048369,0.5561818074986169,1.238016440358426,0.024610841494742703,0.7544438027176693,-1.2997798895355757,-0.7694767023581599,1.6716703902621022,-1.4784106034765545,-0.8049752887758436,0.09685335377453375,-1.1380166814300725,1.5094638162798841,-0.6770032003863303,-0.6214005261193343,0.958023078624979,0.0,-0.5448582123218655,-1.2566347145807593,0.7236480893416781,0.0,-0.7924058156930616,0.8648144380844214,-1.0438161901436347,0.5993524013223553,0.9112438048403207,-1.7292316619761623,0.0,-0.5769599175029536,-0.6881567339765676
136,1.3861271381076141,1.060100821691271,-0.8678138963395513,-1.0729309286063429,-1.247313914941002,-1.4117170032320392,-1.4001315224953317,-0.04005651102101145,0.8842988849778997,0.991995910389324,1.238016440358426,-1.3535962822108452,0.054959482317181174,1.0737129400095868,0.3967878292349973,-0.9267807478104739,-0.42120438305630764,0.9697733793913708,-1.1358256942649858,-1.1380166814300725,1.5094638162798841,1.4770978917519937,1.60926802918084,0.958023078624979,0.0,-0.21747559547610945,1.1048264940273784,-0.6603783110385808,0.0,-0.7924058156930616,-1.239413205383021,0.9580230786249767,0.5993524013223553,-0.7784798067841141,0.6416409104829942,0.0,0.9838978303311247,-0.6881567339765676
137,1.4458188635259674,0.4004825326389246,1.1548124798369521,-0.25210945316979655,-1.4792917749017551,0.904381205195525,1.65199292622864,0.6715819847150352,-0.6725425119081229,-1.3323459716944475,0.017436851272653823,1.4028179652003303,0.054959482317181174,-1.0145653683835671,-0.4215683332142963,-1.1485656847591084,-0.5386717408807795,-0.8049752887758436,-1.1358256942649858,0.8787217413573977,-0.251577302713314,1.4770978917519937,-0.6214005261193343,-1.043816190143634,0.0,-1.6906973712820115,1.1048264940273784,0.7236480893416781,0.0,-0.7924058156930616,0.8648144380844214,0.9580230786249767,0.5993524013223553,-1.6233416125963316,0.5099257675685966,0.0,0.9838978303311247,-0.6881567339765676
138,-1.4449661245914192,-0.5889449009395952,-0.3771845978702317,1.3895334977032963,-0.4449355675557878,0.5183648371242643,-1.7906415216018459,1.8410759919322557,-1.320971314692321,-0.17017503065256176,0.017436851272653823,-1.3535962822108452,1.4539281231181573,1.2104010349093226,0.9080165834379639,1.0543924452093567,0.40106712171499553,-0.8049752887758436,-1.1358256942649858,-1.1380166814300725,-0.251577302713314,-0.6770032003863303,-0.6214005261193343,0.958023078624979,0.0,-0.5448582123218655,1.1048264940273784,1.00045336941773,0.0,1.2619796324000623,-1.239413205383021,-1.0438161901436347,0.5993524013223553,0.9112438048403207,0.5099257675685966,0.0,-1.5524960098992526,0.50863758598268
139,0.8830111667243522,0.510418914147649,-0.17997150014527044,-1.0729309286063429,0.7873860226419063,-1.4117170032320392,-1.3312358496328471,-0.46321630609011644,-1.1326115849685305,-1.0418032364339762,0.017436851272653823,0.7137144033475366,0.7544438027176693,0.7877136994460792,-0.5587521876798813,1.2369239298619568,0.9884039108373549,-0.8049752887758436,-1.1358256942649858,0.8787217413573977,1.5094638162798841,-0.6770032003863303,-0.6214005261193343,-1.043816190143634,0.0,-0.05378428705323145,1.1048264940273784,0.7236480893416781,0.0,-0.7924058156930616,0.8648144380844214,-1.0438161901436347,0.5993524013223553,-1.6233416125963316,-1.7292316619761623,0.0,-0.5769599175029536,1.25663403595721
